CRASH_ID,UNIT_NBR,UNIT_DESC_ID,VEH_PARKED_FL,VEH_HNR_FL,VEH_LIC_STATE_ID,VIN,VEH_MOD_YEAR,VEH_COLOR_ID,VEH_MAKE_ID,VEH_MOD_ID,VEH_BODY_STYL_ID,EMER_RESPNDR_FL,OWNR_ZIP,FIN_RESP_PROOF_ID,FIN_RESP_TYPE_ID,VEH_DMAG_AREA_1_ID,VEH_DMAG_SCL_1_ID,FORCE_DIR_1_ID,VEH_DMAG_AREA_2_ID,VEH_DMAG_SCL_2_ID,FORCE_DIR_2_ID,VEH_INVENTORIED_FL,VEH_TRANSP_NAME,VEH_TRANSP_DEST,CONTRIB_FACTR_1_ID,CONTRIB_FACTR_2_ID,CONTRIB_FACTR_P1_ID,VEH_TRVL_DIR_ID,FIRST_HARM_EVT_INV_ID,INCAP_INJRY_CNT,NONINCAP_INJRY_CNT,POSS_INJRY_CNT,NON_INJRY_CNT,UNKN_INJRY_CNT,TOT_INJRY_CNT,DEATH_CNT
14932523,2,MOTOR VEHICLE,Y,N,TX,JS1GN7DA562119567,2006,RED,SUZUKI,NA,MOTORCYCLE,N,75833,2,NA,"MOTORCYCLE, SCOOTER, MOPED, ETC. ONLY",DAMAGED 1 MINIMUM,3,NA,NA,NA,N,,,NONE,NA,NA,EAST,Y,0,0,0,0,0,0,0
14891232,1,MOTOR VEHICLE,N,N,TX,1HD1BHY183Y086057,2003,BLK,HARLEY-DAVIDSON,UNKNOWN,MOTORCYCLE,N,76013,1,LIABILITY INSURANCE POLICY,"MOTORCYCLE, SCOOTER, MOPED, ETC. ONLY",DAMAGED 1 MINIMUM,NA,NA,NA,NA,N,KELLY MCKNIGHT WRECKER 817-265-1336,"1108  HARRISON AVE, ARLINGTON, TX, 76011",DRIVER INATTENTION,UNDER INFLUENCE - ALCOHOL,FAILED TO CONTROL SPEED,NORTH,Y,0,1,0,0,0,1,0
14890013,2,MOTOR VEHICLE,N,N,TX,1HD4CEM16SY204118,1995,BLU,HARLEY-DAVIDSON,NA,MOTORCYCLE,N,77541,1,PROOF OF LIABILITY INSURANCE,BACK END DAMAGE CONCENTRATED IMPACT,DAMAGED 3,6,NA,NA,NA,N,CAMPBELLS,CAMPBELLS,NONE,NA,NA,NORTH,Y,0,1,0,0,0,1,0
14842773,2,MOTOR VEHICLE,N,N,TX,1HD1KBM18BB679048,NA,BLK,HARLEY-DAVIDSON,NA,MOTORCYCLE,N,77071,1,PROOF OF LIABILITY INSURANCE,"MOTORCYCLE, SCOOTER, MOPED, ETC. ONLY",DAMAGED 1 MINIMUM,NA,NA,NA,NA,N,NOT TOWED,NOT TOWED,NONE,NA,NA,WEST,Y,1,0,0,0,0,1,0
14863670,2,MOTOR VEHICLE,N,N,MX,3SCTGTKA8B1003618,2001,BLK,NA,NA,MOTORCYCLE,N,32416,1,LIABILITY INSURANCE POLICY,FRONT END DAMAGE DISTRIBUTED IMPACT,DAMAGED 3,12,NA,NA,NA,N,,,NONE,NA,NA,EAST,Y,0,1,0,0,0,1,0
14946617,1,MOTOR VEHICLE,N,N,TX,JYARJ08E76A008163,2006,BLU,YAMAHA,NA,MOTORCYCLE,N,75147,2,NA,LEFT FRONT QUARTER DAMAGE ANGULAR IMPACT,DAMAGED 1 MINIMUM,10,FRONT END DAMAGE DISTRIBUTED IMPACT,DAMAGED 1 MINIMUM,12,N,,,CHANGED LANE WHEN UNSAFE,NA,FAILED TO CONTROL SPEED,WEST,Y,0,1,0,0,0,1,0
14982941,1,MOTOR VEHICLE,N,N,TX,1HD1BJY145Y017506,2005,BLK,HARLEY-DAVIDSON,NA,MOTORCYCLE,N,76528,1,PROOF OF LIABILITY INSURANCE,"MOTORCYCLE, SCOOTER, MOPED, ETC. ONLY",DAMAGED 1 MINIMUM,NA,NA,NA,NA,Y,ACTION TOWING & RECOVERY,"2611 FM 2657  COPPERAS COVE, TX 76522",UNSAFE SPEED,FAILED TO DRIVE IN SINGLE LANE,NA,NORTH,Y,0,1,0,0,0,1,0
14872645,1,MOTOR VEHICLE,N,N,TN,CX5002017066,1978,WHI,HONDA,UNKNOWN,MOTORCYCLE,N,76168,2,NA,DISTRIBUTED RIGHT SIDE DAMAGE PARALLEL IMPACT,DAMAGED 2,5,NA,NA,NA,N,A-1,FORT WORTH IMPOUND AT 2530 BRENNAN,FAILED TO DRIVE IN SINGLE LANE,NA,SPEEDING - (OVERLIMIT),NORTHEAST,Y,1,0,0,0,0,1,0
14865251,2,MOTOR VEHICLE,N,N,TX,1HD1GDV151Y333644,2001,YEL,HARLEY-DAVIDSON,UNKNOWN,MOTORCYCLE,N,75154,1,PROOF OF LIABILITY INSURANCE,FRONT END DAMAGE DISTRIBUTED IMPACT,DAMAGED 2,12,NA,NA,NA,Y,A & H WRECKER SERVICE,"1603 SHAVER, PASADENA",NONE,NA,NA,NORTHWEST,Y,1,0,0,0,0,1,0
14891984,1,MOTOR VEHICLE,N,N,TX,1HD1JBB186Y088761,2006,BLK,HARLEY-DAVIDSON,NA,MOTORCYCLE,N,78660,1,PROOF OF LIABILITY INSURANCE,FRONT END DAMAGE DISTRIBUTED IMPACT,DAMAGED 5,NA,DISTRIBUTED LEFT SIDE DAMAGE PARALLEL IMPACT,DAMAGED 5,NA,Y,DOUBLE-R TOWING: 512-388-2049,1251 PROVIDENT LN. ROUND ROCK 78681,NA,NA,HAD BEEN DRINKING,SOUTH,Y,1,0,0,0,0,1,0
14883225,1,MOTOR VEHICLE,N,N,TX,JS1GW72B3B2100678,NA,BLK,SUZUKI,UNKNOWN,MOTORCYCLE,N,75067,1,PROOF OF LIABILITY INSURANCE,"MOTORCYCLE, SCOOTER, MOPED, ETC. ONLY",DAMAGED 1 MINIMUM,1,NA,NA,NA,N,PRO-TOW,"1006 EAST MAIN STREET, LEWISVILLE, TEXAS",UNSAFE SPEED,NA,NA,NORTHWEST,Y,0,1,0,0,0,1,0
14858229,2,MOTOR VEHICLE,N,N,TX,1HD1FHW196Y687635,2006,BLK,HARLEY-DAVIDSON,NA,MOTORCYCLE,N,77546,1,PROOF OF LIABILITY INSURANCE,RIGHT SIDE DAMAGE ANGULAR IMPACT,DAMAGED 1 MINIMUM,3,NA,NA,NA,N,OWNER,DRIVEN FROM SCENE,NONE,NA,NA,WEST,Y,0,0,0,1,0,0,0
14912824,3,MOTOR VEHICLE,N,N,TX,JS1VP53A882102420,NA,BLU,SUZUKI,NA,MOTORCYCLE,N,79924,1,PROOF OF LIABILITY INSURANCE,"MOTORCYCLE, SCOOTER, MOPED, ETC. ONLY",DAMAGED 1 MINIMUM,6,NA,NA,NA,N,EXTREME TOWING,11615 RAILROAD,NONE,NA,NA,EAST,N,0,0,1,0,0,1,0
14916528,2,MOTOR VEHICLE,N,N,TX,JKAEXVD176A098815,2006,BLK,KAWASAKI,UNKNOWN,MOTORCYCLE,N,79924,2,NA,BACK END (RIGHT) DAMAGE PARTIAL CONTACT,DAMAGED 1 MINIMUM,6,"MOTORCYCLE, SCOOTER, MOPED, ETC. ONLY",DAMAGED 1 MINIMUM,NA,N,1ST CHOICE/ 936-336-2617,"3920 BEAUMONT, LIBERTY, TX 77575",NONE,NA,NA,EAST,Y,1,0,0,0,0,1,0
14932694,2,MOTOR VEHICLE,N,N,OK,JYAVM01E16A091413,2006,BLU,YAMAHA,UNKNOWN,MOTORCYCLE,N,78758,1,LIABILITY INSURANCE POLICY,FRONT END DAMAGE DISTRIBUTED IMPACT,DAMAGED 3,10,NA,NA,NA,N,LAKESIDE,YARD,NONE,NA,NA,NORTH,Y,1,0,0,0,0,1,1
14892317,2,MOTOR VEHICLE,N,N,TX,JS1GN7CA652108609,2005,BLU,SUZUKI,NA,MOTORCYCLE,N,76087,1,PROOF OF LIABILITY INSURANCE,FRONT END DAMAGE DISTRIBUTED IMPACT,DAMAGED 5,12,NA,NA,NA,N,,,NONE,NA,NA,SOUTHWEST,Y,1,0,0,0,0,1,0
14896268,1,MOTOR VEHICLE,N,N,TX,1HD1FRW195Y628802,2005,BLK,HARLEY-DAVIDSON,UNKNOWN,MOTORCYCLE,N,76028,1,PROOF OF LIABILITY INSURANCE,"MOTORCYCLE, SCOOTER, MOPED, ETC. ONLY",DAMAGED 1 MINIMUM,NA,NA,NA,NA,Y,BURLESON WRECKER,"4505 CROSSTIMBER, BURLESON, TX 76028",UNDER INFLUENCE - ALCOHOL,NA,NA,SOUTH,Y,0,1,0,0,0,1,0
14966198,1,MOTOR VEHICLE,N,N,OK,1HD1BHY121Y032069,2001,ONG,HARLEY-DAVIDSON,NA,MOTORCYCLE,N,78654,1,PROOF OF LIABILITY INSURANCE,"MOTORCYCLE, SCOOTER, MOPED, ETC. ONLY",DAMAGED 1 MINIMUM,NA,NA,NA,NA,Y,HILL COUNTRY WRECKER,"1239 E HWY 1431, MARBLE FALLS, TX 78654",UNDER INFLUENCE - ALCOHOL,UNDER INFLUENCE - DRUG,NA,NORTH,Y,1,0,0,0,0,1,0
14871580,1,MOTOR VEHICLE,N,Y,TX,JS1CP51A762100200,2006,WHI,SUZUKI,NA,MOTORCYCLE,N,76209,1,PROOF OF LIABILITY INSURANCE,BACK END (LEFT) DAMAGE PARTIAL CONTACT,DAMAGED 1 MINIMUM,6,DISTRIBUTED RIGHT SIDE DAMAGE PARALLEL IMPACT,DAMAGED 1 MINIMUM,12,,,,NONE,NA,NA,EAST,Y,0,0,0,1,0,0,0
14937631,2,MOTOR VEHICLE,N,N,TX,1HD1KRM15FB661427,NA,WHI,HARLEY-DAVIDSON,NA,MOTORCYCLE,N,77657,1,PROOF OF LIABILITY INSURANCE,"MOTORCYCLE, SCOOTER, MOPED, ETC. ONLY",DAMAGED 1 MINIMUM,NA,NA,NA,NA,Y,BIGBIRD'S WRECKER,"195 S LHS DR, LUMBERTON, TX 77657",NONE,NA,NA,NORTH,Y,0,0,0,0,0,0,1
14980293,2,MOTOR VEHICLE,N,N,TX,ZDM1RANN6CB058227,NA,RED,BUGATTI,UNKNOWN,MOTORCYCLE,N,75703,1,PROOF OF LIABILITY INSURANCE,BACK END DAMAGE DISTRIBUTED IMPACT,DAMAGED 1 MINIMUM,6,NA,NA,NA,N,LIBERTY,LIBERTY,NONE,NA,NA,EAST,Y,0,0,1,0,0,1,0
14930818,2,MOTOR VEHICLE,N,N,TX,2BXNBDD27FV002465,NA,WHI,CAN-AM,NA,MOTORCYCLE,N,75462,1,PROOF OF LIABILITY INSURANCE,FRONT END DAMAGE CONCENTRATED IMPACT,DAMAGED 1 MINIMUM,6,NA,NA,NA,N,NOT TOWED,,NONE,NA,NA,WEST,Y,0,0,0,1,0,0,0
14878076,2,MOTOR VEHICLE,N,N,TX,1HD1KEL11EB623508,NA,BLK,HARLEY-DAVIDSON,NA,MOTORCYCLE,N,78009,1,PROOF OF LIABILITY INSURANCE,"MOTORCYCLE, SCOOTER, MOPED, ETC. ONLY",DAMAGED 1 MINIMUM,NA,NA,NA,NA,Y,MCVAY'S WRECKER SERVICE,"102 SCHOTT ST. CASTROVILLE, TX 78009",NONE,NA,NA,EAST,Y,0,1,0,0,0,1,0
14888888,1,MOTOR VEHICLE,N,N,TX,JKAEXVD147A105253,2007,ONG,KAWASAKI,NA,MOTORCYCLE,N,79938,2,NA,FRONT END (LEFT) DAMAGE PARTIAL CONTACT,DAMAGED 2,11,LEFT FRONT QUARTER DAMAGE ANGULAR IMPACT,DAMAGED 2,10,N,ARTEAGA JUAN,363 ROSLYN,SPEEDING - (OVERLIMIT),NA,NA,SOUTHWEST,Y,0,1,0,0,0,1,0
15000073,2,MOTOR VEHICLE,N,N,TX,1HD1BLL19NY014927,1992,BLK,HARLEY-DAVIDSON,NA,MOTORCYCLE,N,76522,1,PROOF OF LIABILITY INSURANCE,"MOTORCYCLE, SCOOTER, MOPED, ETC. ONLY",DAMAGED 1 MINIMUM,NA,NA,NA,NA,Y,ACTION TOWING,"2611 FM 2657, COPPERAS COVE, TX.",UNDER INFLUENCE - ALCOHOL,NA,NA,WEST,Y,0,0,0,0,0,0,2
14883435,1,MOTOR VEHICLE,N,N,TX,JKAZX9B1X4A012616,2004,BLU,KAWASAKI,NA,MOTORCYCLE,N,76548,1,LIABILITY INSURANCE POLICY,FRONT END DAMAGE CONCENTRATED IMPACT,DAMAGED 3,NA,RIGHT SIDE DAMAGE ANGULAR IMPACT,DAMAGED 3,NA,N,ACTION TOWING AND RECOVERY 254-628-1012,"2611 FM 2657, COPPERAS COVE, TX., 76522",UNDER INFLUENCE - ALCOHOL,NA,NA,NORTH,Y,0,1,0,0,0,1,0
14890008,2,MOTOR VEHICLE,N,N,TX,ZDM13BLW2CB009349,NA,RED,DUCATI,NA,MOTORCYCLE,N,77077,1,PROOF OF LIABILITY INSURANCE,BACK END DAMAGE CONCENTRATED IMPACT,DAMAGED 1 MINIMUM,NA,LEFT FRONT QUARTER DAMAGE ANGULAR IMPACT,DAMAGED 1 MINIMUM,10,N,TOWNCENTER TOWING,"7250 SOUTHWEST FWY, HOUSTON, TX, 77074",NONE,NA,NA,SOUTH,Y,0,0,0,1,0,0,0
14872506,1,MOTOR VEHICLE,N,N,TX,1HD1BJL43RY015446,1994,RED,HARLEY-DAVIDSON,UNKNOWN,MOTORCYCLE,N,75929,1,PROOF OF LIABILITY INSURANCE,"MOTORCYCLE, SCOOTER, MOPED, ETC. ONLY",DAMAGED 1 MINIMUM,NA,NA,NA,NA,Y,THOMAS WRECKER SERVICE (936)275-2982,"1303 W. BARRETT SAN AUGUSTINE, TX 75972",WRONG SIDE - NOT PASSING,NA,FATIGUED OR ASLEEP,EAST,Y,0,1,0,0,0,1,0
14938064,1,MOTOR VEHICLE,N,N,TX,JKAZX4R179A013111,NA,BLK,KAWASAKI,NA,MOTORCYCLE,N,79916,1,PROOF OF LIABILITY INSURANCE,RIGHT SIDE DAMAGE ANGULAR IMPACT,DAMAGED 2,3,LEFT SIDE DAMAGE ANGULAR IMPACT,DAMAGED 2,9,N,DEPENDABLE TOWING,11052 MIRAGE,OTHER (EXPLAIN IN NARRATIVE),NA,DRIVER INATTENTION,EAST,Y,0,0,1,0,0,1,0
14883430,2,MOTOR VEHICLE,N,N,TX,JH2PC40039K201185,NA,RED,HONDA,NA,MOTORCYCLE,N,78660,1,LIABILITY INSURANCE POLICY,"MOTORCYCLE, SCOOTER, MOPED, ETC. ONLY",DAMAGED 1 MINIMUM,12,NA,NA,NA,N,,,NONE,NA,NA,NORTHWEST,Y,0,0,0,1,0,0,0
14906268,1,MOTOR VEHICLE,N,N,TX,1HD1GV4128K333654,NA,YEL,HARLEY-DAVIDSON,UNKNOWN,MOTORCYCLE,N,76640,1,PROOF OF LIABILITY INSURANCE,"MOTORCYCLE, SCOOTER, MOPED, ETC. ONLY",DAMAGED 1 MINIMUM,NA,NA,NA,NA,Y,,,UNDER INFLUENCE - ALCOHOL,NA,NA,NORTH,Y,0,0,1,0,0,1,0
14880283,2,MOTOR VEHICLE,N,N,TX,JYARJ16E58A005970,NA,BLU,YAMAHA,UNKNOWN,MOTORCYCLE,Y,79764,1,PROOF OF LIABILITY INSURANCE,FRONT END DAMAGE CONCENTRATED IMPACT,DAMAGED 4,12,FRONT END DAMAGE DISTRIBUTED IMPACT,DAMAGED 4,12,N,NOT TOWED,NOT TOWED,NONE,NA,NA,SOUTH,Y,0,0,0,0,1,0,0
14881302,1,MOTOR VEHICLE,N,N,TX,1HD1BMY191Y072190,2001,BLK,HARLEY-DAVIDSON,UNKNOWN,MOTORCYCLE,N,79927,1,PROOF OF LIABILITY INSURANCE,FRONT END (RIGHT)  DAMAGE PARTIAL CONTACT,DAMAGED 2,2,NA,NA,NA,N,PRIVATE TOW,,FAILED TO YIELD ROW - TURNING LEFT,NA,NA,NORTH,Y,0,0,1,0,0,1,0
14902687,1,MOTOR VEHICLE,N,N,TX,JKAZX4P117A013086,2007,BLK,KAWASAKI,NA,MOTORCYCLE,Y,78741,1,PROOF OF LIABILITY INSURANCE,FRONT END DAMAGE DISTRIBUTED IMPACT,DAMAGED 4,12,NA,NA,NA,Y,SOUTHSIDE WRECKER INC,SOUTHSIDE WRECKER INC,FAILED TO CONTROL SPEED,NA,UNDER INFLUENCE - ALCOHOL,SOUTH,Y,0,0,1,0,0,1,0
14883240,2,MOTOR VEHICLE,N,N,TX,4MZKP01D193000375,NA,BLK,BUELL,NA,MOTORCYCLE,N,77357,1,PROOF OF LIABILITY INSURANCE,"MOTORCYCLE, SCOOTER, MOPED, ETC. ONLY",DAMAGED 1 MINIMUM,NA,NA,NA,NA,Y,EMC TOWING 281-689-8697,"22855 GASOLINE ALLEY NEW CANEY, TX 77357",NONE,NA,NA,WEST,Y,0,0,0,0,0,0,1
14925546,2,MOTOR VEHICLE,N,N,TX,1HD1CGP17XK129529,1999,PLE,HARLEY-DAVIDSON,NA,MOTORCYCLE,N,76026,1,PROOF OF LIABILITY INSURANCE,FRONT END DAMAGE DISTRIBUTED IMPACT,DAMAGED 2,12,NA,NA,NA,N,,,NONE,NA,NA,EAST,Y,0,1,0,0,0,1,0
14872843,1,MOTOR VEHICLE,N,N,TX,JYAVP22E6DA010596,NA,BLU,YAMAHA,NA,MOTORCYCLE,N,77568,1,PROOF OF LIABILITY INSURANCE,"MOTORCYCLE, SCOOTER, MOPED, ETC. ONLY",DAMAGED 1 MINIMUM,NA,NA,NA,NA,N,,,FAILED TO CONTROL SPEED,NA,NA,EAST,Y,0,0,1,0,0,1,0
14948767,2,MOTOR VEHICLE,N,N,TX,JKBZXNC149A011682,NA,BLK,KAWASAKI,NA,MOTORCYCLE,N,79936,1,PROOF OF LIABILITY INSURANCE,RIGHT SIDE DAMAGE ANGULAR IMPACT,DAMAGED 2,3,NA,NA,NA,N,DRIVER,TRAFFIC,NONE,NA,NA,NORTHWEST,Y,0,0,1,0,0,1,0
14919494,1,MOTOR VEHICLE,N,N,TX,1HD1KGM10DB632984,NA,BLU,HARLEY-DAVIDSON,UNKNOWN,MOTORCYCLE,N,77450,1,LIABILITY INSURANCE POLICY,FRONT END DAMAGE CONCENTRATED IMPACT,DAMAGED 3,12,NA,NA,NA,N,PRIVATE PARTY,,UNSAFE SPEED,NA,NA,NORTH,Y,0,0,1,0,0,1,0
14925263,1,MOTOR VEHICLE,N,N,TX,1HD1BPL13TY040931,1996,BLK,HARLEY-DAVIDSON,NA,MOTORCYCLE,N,75061,1,PROOF OF LIABILITY INSURANCE,"MOTORCYCLE, SCOOTER, MOPED, ETC. ONLY",DAMAGED 1 MINIMUM,12,NA,NA,NA,Y,PRO TOW WRECKER,IRVING AUTO POUND,UNSAFE SPEED,NA,UNDER INFLUENCE - ALCOHOL,WEST,Y,0,1,0,0,0,1,0
14950216,1,MOTOR VEHICLE,N,N,TX,1HD1KEL17GB627906,NA,BLK,HARLEY-DAVIDSON,UNKNOWN,MOTORCYCLE,N,78620,1,PROOF OF LIABILITY INSURANCE,"MOTORCYCLE, SCOOTER, MOPED, ETC. ONLY",DAMAGED 1 MINIMUM,NA,NA,NA,NA,Y,TOWED AWAY BY FAMILY,TOWED AWAY BY FAMILY,UNSAFE SPEED,NA,HAD BEEN DRINKING,NORTHWEST,Y,0,1,0,0,0,1,0
14969512,2,MOTOR VEHICLE,N,N,NA,L1ETCBMJXCA000101,NA,BLK,UNKNOWN,UNKNOWN,MOTORCYCLE,N,75077,2,NA,"MOTORCYCLE, SCOOTER, MOPED, ETC. ONLY",DAMAGED 1 MINIMUM,NA,NA,NA,NA,N,RON'S TOWING SERVICE,"212 W PARKWAY, DENTON, TX 76201",NA,NA,OTHER (EXPLAIN IN NARRATIVE),EAST,Y,1,0,0,0,0,1,0
14910330,2,MOTOR VEHICLE,N,N,TX,1HD1GX4169K324825,NA,BLK,HARLEY-DAVIDSON,UNKNOWN,MOTORCYCLE,N,,1,NA,"MOTORCYCLE, SCOOTER, MOPED, ETC. ONLY",DAMAGED 1 MINIMUM,12,NA,NA,NA,Y,VANCE WRECKER,508 WISCONSIN,NONE,NA,NA,SOUTH,Y,1,0,0,0,0,1,0
14966236,1,MOTOR VEHICLE,N,N,TX,1HD1GXM13EC300857,NA,BLK,HARLEY-DAVIDSON,NA,MOTORCYCLE,N,79938,2,NA,FRONT END DAMAGE CONCENTRATED IMPACT,DAMAGED 1 MINIMUM,12,DISTRIBUTED LEFT SIDE DAMAGE PARALLEL IMPACT,DAMAGED 1 MINIMUM,9,N,OWNER,13841 MONTANA,FAILED TO CONTROL SPEED,NA,NA,EAST,Y,0,0,1,0,0,1,0
14961327,2,MOTOR VEHICLE,N,N,TX,1HD1JN512BB029568,NA,BLK,HARLEY-DAVIDSON,UNKNOWN,MOTORCYCLE,N,77511,1,LIABILITY INSURANCE POLICY,DISTRIBUTED LEFT SIDE DAMAGE PARALLEL IMPACT,DAMAGED 5,9,FRONT END DAMAGE DISTRIBUTED IMPACT,DAMAGED 4,12,Y,EASTSIDE WRECKER,"580 DICKINSON RD, ALVIN, TX",NONE,NA,NA,SOUTH,Y,0,0,0,0,0,0,1
14981159,2,MOTOR VEHICLE,N,N,TX,JH2SC6106AK001684,NA,RED,HONDA,UNKNOWN,MOTORCYCLE,N,76571,1,PROOF OF LIABILITY INSURANCE,"MOTORCYCLE, SCOOTER, MOPED, ETC. ONLY",DAMAGED 1 MINIMUM,NA,NA,NA,NA,N,BIG JOHNS TOWING,"2010 S HWY BLVD, BELTON, TX 76513",NONE,NA,NA,WEST,Y,0,1,0,0,0,1,0
14959049,1,MOTOR VEHICLE,N,N,TX,1HFSC220XTA801046,1996,BLU,HONDA,NA,MOTORCYCLE,N,77456,1,PROOF OF LIABILITY INSURANCE,BACK END DAMAGE DISTRIBUTED IMPACT,DAMAGED 4,6,NA,NA,NA,N,,,NONE,NA,NA,SOUTH,Y,1,0,0,0,0,1,0
14863142,2,MOTOR VEHICLE,N,N,TX,JKAZX4K173A003387,2003,BLK,KAWASAKI,UNKNOWN,MOTORCYCLE,N,78247,1,LIABILITY INSURANCE POLICY,"MOTORCYCLE, SCOOTER, MOPED, ETC. ONLY",DAMAGED 1 MINIMUM,12,NA,NA,NA,N,OWNER,5222 CHAROLAIS ST,NONE,NA,NA,SOUTHWEST,Y,0,1,0,0,0,1,0
14909430,2,MOTOR VEHICLE,N,N,TX,JH2PC35054M501147,2004,YEL,HONDA,NA,MOTORCYCLE,N,78108,1,PROOF OF LIABILITY INSURANCE,FRONT END (LEFT) DAMAGE PARTIAL CONTACT,DAMAGED 2,11,NA,NA,NA,N,,,NONE,NA,NA,EAST,Y,0,0,1,0,0,1,0
14986551,2,MOTOR VEHICLE,N,N,TX,1HD4LE21XFC408619,NA,BLK,HARLEY-DAVIDSON,NA,MOTORCYCLE,N,76008,1,PROOF OF LIABILITY INSURANCE,"MOTORCYCLE, SCOOTER, MOPED, ETC. ONLY",DAMAGED 1 MINIMUM,NA,NA,NA,NA,N,AREA TOWING (817)573-2101,"5906 GLEN ROSE HIGHWAY, GRANBURY, TEXAS",NONE,NA,NA,WEST,Y,0,0,1,0,0,1,0
14906557,1,MOTOR VEHICLE,N,N,TX,1HD1CGP413K416899,2003,SIL,HARLEY-DAVIDSON,UNKNOWN,MOTORCYCLE,N,76082,1,PROOF OF LIABILITY INSURANCE,"MOTORCYCLE, SCOOTER, MOPED, ETC. ONLY",DAMAGED 1 MINIMUM,9,NA,NA,NA,N,,,OTHER (EXPLAIN IN NARRATIVE),NA,NA,NORTH,Y,1,0,0,0,0,1,0
14902076,2,MOTOR VEHICLE,N,N,TX,1HD1FRW176Y635006,2006,MAR,HARLEY-DAVIDSON,NA,MOTORCYCLE,N,77034,1,PROOF OF LIABILITY INSURANCE,"MOTORCYCLE, SCOOTER, MOPED, ETC. ONLY",DAMAGED 1 MINIMUM,NA,NA,NA,NA,N,DRIVEN FROM SCENE,,NONE,NA,NA,SOUTH,Y,0,0,0,2,0,0,0
14889921,1,MOTOR VEHICLE,N,N,TX,JKAZXCG18CA014823,NA,BLK,KAWASAKI,UNKNOWN,MOTORCYCLE,N,78758,1,PROOF OF LIABILITY INSURANCE,FRONT END DAMAGE DISTRIBUTED IMPACT,DAMAGED 3,12,NA,NA,NA,N,ROCHAS TOWING SERVICE,ROCHAS TOWING SERVICE,DISREGARD STOP SIGN OR LIGHT,NA,OTHER (EXPLAIN IN NARRATIVE),SOUTHWEST,Y,0,1,0,0,0,1,0
14963473,1,MOTOR VEHICLE,N,N,TX,1HD1FBM14EB692128,NA,MAR,HARLEY-DAVIDSON,UNKNOWN,MOTORCYCLE,N,78745,1,PROOF OF LIABILITY INSURANCE,DISTRIBUTED LEFT SIDE DAMAGE PARALLEL IMPACT,DAMAGED 3,11,NA,NA,NA,Y,ROCHAS TOWING SERVICE,ROCHAS TOWING SERVICE,UNDER INFLUENCE - ALCOHOL,TURNED IMPROPERLY - CUT CORNER ON LEFT,NA,WEST,Y,1,0,0,0,0,1,0
14927427,2,MOTOR VEHICLE,N,N,TX,1HD1JD51X8YD51852,NA,BLU,HARLEY-DAVIDSON,NA,MOTORCYCLE,N,77521,2,NA,RIGHT SIDE DAMAGE ANGULAR IMPACT,DAMAGED 2,3,NA,NA,NA,N,HWY 90 WRECKER,5552 N. MAIN  PH# (832) 475-5776,NONE,NA,NA,NORTH,Y,1,0,0,0,0,1,0
14947649,2,MOTOR VEHICLE,N,N,TX,L5YTCKPA691107388,NA,GRY,UNKNOWN,UNKNOWN,MOTORCYCLE,N,,2,NA,DISTRIBUTED RIGHT SIDE DAMAGE PARALLEL IMPACT,DAMAGED 3,3,NA,NA,NA,N,MISSION,GROWDON,NONE,NA,NA,NORTHEAST,Y,1,0,1,0,0,2,0
14976492,1,MOTOR VEHICLE,N,N,TX,1B9SC21M27B631030,2007,ONG,ALL OTHER MAKES,UNKNOWN,MOTORCYCLE,N,77388,1,PROOF OF LIABILITY INSURANCE,"MOTORCYCLE, SCOOTER, MOPED, ETC. ONLY",DAMAGED 1 MINIMUM,NA,NA,NA,NA,Y,SADDLE CREEK 281-689-7705,19600 OLD SAND PIT RD NEW CANEY TX 77357,UNDER INFLUENCE - ALCOHOL,UNDER INFLUENCE - DRUG,NA,SOUTHEAST,Y,1,0,0,0,0,1,0
14944292,2,MOTOR VEHICLE,N,N,TX,1HD4CR2147K424216,2007,RED,HARLEY-DAVIDSON,UNKNOWN,MOTORCYCLE,N,77356,1,LIABILITY INSURANCE POLICY,"MOTORCYCLE, SCOOTER, MOPED, ETC. ONLY",DAMAGED 1 MINIMUM,NA,NA,NA,NA,N,,,NONE,NA,NA,EAST,Y,0,0,1,0,0,1,0
14909681,2,MOTOR VEHICLE,N,N,TX,5HD1FCW103Y611910,2003,BLU,HARLEY-DAVIDSON,NA,MOTORCYCLE,N,76180,1,PROOF OF LIABILITY INSURANCE,FRONT END (RIGHT)  DAMAGE PARTIAL CONTACT,DAMAGED 3,1,NA,NA,NA,N,NOT TOWED,NOT TOWED,NONE,NA,NA,WEST,Y,0,0,0,1,0,0,0
14896848,1,MOTOR VEHICLE,N,N,CA,JYACJ01C32A025003,2002,BLU,YAMAHA,NA,MOTORCYCLE,N,78412,2,NA,FRONT END (LEFT) DAMAGE PARTIAL CONTACT,DAMAGED 2,11,DISTRIBUTED LEFT SIDE DAMAGE PARALLEL IMPACT,DAMAGED 1 MINIMUM,9,N,RELEASED TO DRIVER,TAKEN FROM SCENE,OTHER (EXPLAIN IN NARRATIVE),NA,NA,NORTH,Y,1,0,0,0,0,1,0