CRASH_ID,UNIT_NBR,UNIT_DESC_ID,VEH_PARKED_FL,VEH_HNR_FL,VEH_LIC_STATE_ID,VIN,VEH_MOD_YEAR,VEH_COLOR_ID,VEH_MAKE_ID,VEH_MOD_ID,VEH_BODY_STYL_ID,EMER_RESPNDR_FL,OWNR_ZIP,FIN_RESP_PROOF_ID,FIN_RESP_TYPE_ID,VEH_DMAG_AREA_1_ID,VEH_DMAG_SCL_1_ID,FORCE_DIR_1_ID,VEH_DMAG_AREA_2_ID,VEH_DMAG_SCL_2_ID,FORCE_DIR_2_ID,VEH_INVENTORIED_FL,VEH_TRANSP_NAME,VEH_TRANSP_DEST,CONTRIB_FACTR_1_ID,CONTRIB_FACTR_2_ID,CONTRIB_FACTR_P1_ID,VEH_TRVL_DIR_ID,FIRST_HARM_EVT_INV_ID,INCAP_INJRY_CNT,NONINCAP_INJRY_CNT,POSS_INJRY_CNT,NON_INJRY_CNT,UNKN_INJRY_CNT,TOT_INJRY_CNT,DEATH_CNT
14929575,2,MOTOR VEHICLE,N,N,TX,1HD1GXM1XFC312473,NA,BLK,HARLEY-DAVIDSON,UNKNOWN,MOTORCYCLE,N,75040,1,PROOF OF LIABILITY INSURANCE,"MOTORCYCLE, SCOOTER, MOPED, ETC. ONLY",DAMAGED 1 MINIMUM,5,NA,NA,NA,Y,CONTRACT WRECKER,POLICE AUTO POUND,NONE,NA,NA,NORTHWEST,Y,1,0,0,0,0,1,0
14921834,2,MOTOR VEHICLE,N,N,TX,1HFSC43067A700327,2007,BLK,HONDA,NA,MOTORCYCLE,N,76209,1,PROOF OF LIABILITY INSURANCE,"MOTORCYCLE, SCOOTER, MOPED, ETC. ONLY",DAMAGED 1 MINIMUM,11,NA,NA,NA,N,AKERS WRECKER,"715 DALLAS DRIVE, DENTON, TX 76202",NONE,NA,NA,NORTH,Y,1,0,0,0,0,1,0
14948238,1,MOTOR VEHICLE,N,N,TX,3H1HF03077D200521,2007,GRY,HONDA,UNKNOWN,MOTORCYCLE,N,78521,1,LIABILITY INSURANCE POLICY,FRONT END DAMAGE DISTRIBUTED IMPACT,DAMAGED 1 MINIMUM,12,NA,NA,NA,N,PUSHED BY MASSO DOEL,1101 E. ADAMS,FAILED TO CONTROL SPEED,NA,NA,EAST,Y,0,0,1,0,0,1,0
14968192,2,MOTOR VEHICLE,N,N,TX,JS1GN7EA992101995,NA,BLK,SUZUKI,NA,MOTORCYCLE,N,79915,1,LIABILITY INSURANCE POLICY,FRONT END (LEFT) DAMAGE PARTIAL CONTACT,DAMAGED 5,11,DISTRIBUTED RIGHT SIDE DAMAGE PARALLEL IMPACT,DAMAGED 3,3,N,,,NONE,NA,NA,WEST,Y,0,0,1,0,0,1,0
14899029,1,MOTOR VEHICLE,N,N,TX,1HD4CAM12XK138007,1999,BLK,HARLEY-DAVIDSON,UNKNOWN,MOTORCYCLE,Y,79924,1,PROOF OF LIABILITY INSURANCE,"MOTORCYCLE, SCOOTER, MOPED, ETC. ONLY",DAMAGED 1 MINIMUM,1,NA,NA,NA,N,DRIVER,TRAFFIC,OTHER (EXPLAIN IN NARRATIVE),NA,NA,NORTH,Y,0,0,0,1,0,0,0
14979903,2,MOTOR VEHICLE,N,N,TX,1HD1BW5127Y063467,2007,RED,HARLEY-DAVIDSON,NA,MOTORCYCLE,N,75683,1,PROOF OF LIABILITY INSURANCE,"MOTORCYCLE, SCOOTER, MOPED, ETC. ONLY",DAMAGED 1 MINIMUM,NA,NA,NA,NA,Y,CUTTER'S TOWING,"1604 S MOODY BLVD, WHITE OAK, TX 75693",NONE,NA,NA,NORTHWEST,Y,0,0,0,0,0,0,1
14913732,1,MOTOR VEHICLE,N,N,TX,1HD1LC310FC407193,NA,BLK,HARLEY-DAVIDSON,NA,MOTORCYCLE,N,75068,1,PROOF OF LIABILITY INSURANCE,"MOTORCYCLE, SCOOTER, MOPED, ETC. ONLY",DAMAGED 1 MINIMUM,NA,NA,NA,NA,N,SIGNATURE TOWING,"1204 MUNICIPAL AVE, PLANO , TX 75074",FAILED TO CONTROL SPEED,UNDER INFLUENCE - ALCOHOL,NA,EAST,Y,1,0,0,0,0,1,0
14934714,2,MOTOR VEHICLE,N,N,TX,JYAVG04E6DA016464,NA,BLU,YAMAHA,UNKNOWN,MOTORCYCLE,N,75935,1,PROOF OF LIABILITY INSURANCE,"MOTORCYCLE, SCOOTER, MOPED, ETC. ONLY",DAMAGED 1 MINIMUM,NA,NA,NA,NA,N,,,NONE,NA,NA,SOUTH,Y,0,2,0,0,0,2,0
14970438,2,MOTOR VEHICLE,N,N,TX,1HD1BZB186Y053045,2006,BLK,HARLEY-DAVIDSON,UNKNOWN,MOTORCYCLE,N,78069,1,PROOF OF LIABILITY INSURANCE,"MOTORCYCLE, SCOOTER, MOPED, ETC. ONLY",DAMAGED 1 MINIMUM,NA,NA,NA,NA,Y,SOUTH TEXAS TOWING,"5035 HWY 90 E, HONDO, TX, 78861",NONE,NA,NA,EAST,Y,0,0,0,0,0,0,1
14861627,2,MOTOR VEHICLE,N,N,TX,1HFSC2207RA600360,1994,BLU,HONDA,NA,MOTORCYCLE,N,77586,1,PROOF OF LIABILITY INSURANCE,RIGHT FRONT QUARTER DAMAGE ANGULAR IMPACT,DAMAGED 3,1,NA,NA,NA,N,DRIVER,PARKED IN PRIVATE LOT,NONE,NA,NA,EAST,Y,0,1,0,0,0,1,0
15127267,2,MOTOR VEHICLE,N,Y,UN,JYADG19Y89A000410,NA,NA,NA,NA,MOTORCYCLE,N,92562-8544,1,LIABILITY INSURANCE POLICY,NA,NO DAMAGE,NA,NA,NA,NA,N,,LEFT AT SCENE,NONE,NA,NA,WEST,Y,1,0,0,0,0,1,0
14951842,4,MOTOR VEHICLE,N,N,TX,1HD1JD514BB045085,NA,BLK,HARLEY-DAVIDSON,NA,MOTORCYCLE,N,78586,1,PROOF OF LIABILITY INSURANCE,"MOTORCYCLE, SCOOTER, MOPED, ETC. ONLY",DAMAGED 1 MINIMUM,NA,NA,NA,NA,Y,LA FERIA WRECKER 956-797-2123,"26938 RD 374, LA FERIA, TX 78559",NA,NA,IMPAIRED VISIBILITY (EXPLAIN IN NARRATIVE),WEST,N,1,0,0,0,0,1,0
14948151,2,MOTOR VEHICLE,N,N,TX,1HFSC52066A304758,2006,RED,HONDA,UNKNOWN,MOTORCYCLE,N,78521,1,PROOF OF LIABILITY INSURANCE,DISTRIBUTED LEFT SIDE DAMAGE PARALLEL IMPACT,DAMAGED 2,9,NA,NA,NA,Y,VALLEY TOWING WRECKER SERVICE,"6830 NORTH EXPRESSWAY, BROWNSVILLE, TX.",PASSED ON RIGHT SHOULDER,NA,NA,WEST,Y,0,0,0,0,0,0,1
14946265,2,MOTOR VEHICLE,N,N,TX,1HD1HHZ157K811748,2007,BLK,HARLEY-DAVIDSON,UNKNOWN,MOTORCYCLE,N,77515,1,PROOF OF LIABILITY INSURANCE,FRONT END (RIGHT)  DAMAGE PARTIAL CONTACT,DAMAGED 1 MINIMUM,1,LEFT SIDE DAMAGE ANGULAR IMPACT,DAMAGED 1 MINIMUM,1,N,,,NONE,NA,NA,SOUTH,Y,0,0,0,1,0,0,0
14939305,2,MOTOR VEHICLE,N,N,TX,1HD1BMY182Y028974,2002,BLK,HARLEY-DAVIDSON,NA,MOTORCYCLE,N,79606,1,LIABILITY INSURANCE POLICY,BACK END DAMAGE DISTRIBUTED IMPACT,DAMAGED 4,6,NA,NA,NA,N,OBARS,3210 PLUM,NONE,NA,NA,SOUTH,Y,1,0,0,0,0,1,0
14946940,2,MOTOR VEHICLE,N,N,TX,JKBVNKD1X7A012429,2007,BLK,KAWASAKI,NA,MOTORCYCLE,N,77375,1,PROOF OF LIABILITY INSURANCE,FRONT END DAMAGE CONCENTRATED IMPACT,DAMAGED 2,12,NA,NA,NA,Y,BB&T RECOVERY/TRANSMISSION,"11815 1/2 MISTY VALLEY HOUSTON,TX 77066",NONE,NA,NA,WEST,Y,0,1,0,0,0,1,0
14941185,2,MOTOR VEHICLE,N,N,TX,JH2RC440X2M614377,2002,YEL,HONDA,NA,MOTORCYCLE,N,78155,1,PROOF OF LIABILITY INSURANCE,DISTRIBUTED LEFT SIDE DAMAGE PARALLEL IMPACT,DAMAGED 2,9,NA,NA,NA,N,BIG D WRECKER,2140 HUBER RD,NONE,NA,NA,EAST,Y,0,0,0,1,0,0,0
14967195,1,MOTOR VEHICLE,N,N,TX,JH2PC35001M210504,2001,BLU,HONDA,NA,MOTORCYCLE,N,75075,1,PROOF OF LIABILITY INSURANCE,"MOTORCYCLE, SCOOTER, MOPED, ETC. ONLY",DAMAGED 1 MINIMUM,NA,NA,NA,NA,N,SIGNATURE TOW,SIGNATURE LOT,UNDER INFLUENCE - ALCOHOL,FAILED TO CONTROL SPEED,NA,SOUTH,Y,0,1,0,0,0,1,0
14900471,1,MOTOR VEHICLE,N,N,TX,1HD4LE219CC427111,NA,BLK,HARLEY-DAVIDSON,UNKNOWN,MOTORCYCLE,N,78660,1,LIABILITY INSURANCE POLICY,"MOTORCYCLE, SCOOTER, MOPED, ETC. ONLY",DAMAGED 1 MINIMUM,9,NA,NA,NA,Y,TRI CITY TOWING,1415 CENTRAL COMMERCE CIR,FAILED TO CONTROL SPEED,NA,NA,NORTHEAST,Y,0,1,0,0,0,1,0
14931654,1,MOTOR VEHICLE,N,N,TX,1HD1DAL18KY505998,1989,WHI,HARLEY-DAVIDSON,UNKNOWN,MOTORCYCLE,N,78608,1,LIABILITY INSURANCE POLICY,"MOTORCYCLE, SCOOTER, MOPED, ETC. ONLY",DAMAGED 1 MINIMUM,NA,NA,NA,NA,Y,ASAP TOWING,"6046 WILLIAMS DR, GEORGETOWN, TX 78633",UNDER INFLUENCE - DRUG,NA,HAD BEEN DRINKING,NORTHWEST,Y,1,0,0,0,0,1,0
14893022,1,MOTOR VEHICLE,N,N,TX,JKAEXVD124A086830,2004,SIL,KAWASAKI,NA,MOTORCYCLE,N,78209,1,PROOF OF LIABILITY INSURANCE,"MOTORCYCLE, SCOOTER, MOPED, ETC. ONLY",DAMAGED 1 MINIMUM,9,NA,NA,NA,N,MISSION TOWING,406 KAREN LN,FAULTY EVASIVE ACTION,NA,SPEEDING - (OVERLIMIT),NORTHWEST,Y,0,1,0,0,0,1,0
14970407,2,MOTOR VEHICLE,N,N,TX,JS1GN7EA082108333,NA,BLK,SUZUKI,NA,MOTORCYCLE,N,78521,2,NA,"MOTORCYCLE, SCOOTER, MOPED, ETC. ONLY",DAMAGED 1 MINIMUM,12,NA,NA,NA,N,LUPES WRECKER,6217 PADRE ISLAND HWY B'VILLE TX 78521,NA,NA,SPEEDING - (OVERLIMIT),EAST,Y,1,0,0,0,0,1,0
14888365,2,MOTOR VEHICLE,N,N,TX,JH2AF5819EK204022,NA,BLK,HONDA,NA,MOTORCYCLE,N,76205,3,PROOF OF LIABILITY INSURANCE,NA,NA,NA,NA,NA,NA,N,,,NONE,NA,NA,SOUTH,Y,0,0,0,1,0,0,0
14941912,3,MOTOR VEHICLE,N,N,TX,MLHPC4668E5100217,NA,WHI,HONDA,UNKNOWN,MOTORCYCLE,N,78613,1,PROOF OF LIABILITY INSURANCE,"MOTORCYCLE, SCOOTER, MOPED, ETC. ONLY",DAMAGED 1 MINIMUM,3,NA,NA,NA,N,,,NONE,NA,NA,NORTHEAST,N,0,0,0,1,0,0,0
14978678,1,MOTOR VEHICLE,N,N,TX,JYARJ06E87A033724,2007,BLU,YAMAHA,NA,MOTORCYCLE,N,76033,1,PROOF OF LIABILITY INSURANCE,"MOTORCYCLE, SCOOTER, MOPED, ETC. ONLY",DAMAGED 1 MINIMUM,NA,NA,NA,NA,N,LONESTAR WRECKER,101 MAXIE ST. CLEBURNE TX 76033,NONE,NA,NA,SOUTHEAST,Y,1,0,0,0,0,1,0
14898984,2,MOTOR VEHICLE,N,N,UN,,NA,BLK,KAWASAKI,NA,MOTORCYCLE,N,,2,NA,"MOTORCYCLE, SCOOTER, MOPED, ETC. ONLY",DAMAGED 1 MINIMUM,12,NA,NA,NA,Y,MISSION TOWING,GROWDON POUND,DRIVER INATTENTION,FOLLOWED TOO CLOSELY,UNSAFE SPEED,NORTH,N,0,1,0,0,0,1,0
14930521,1,MOTOR VEHICLE,N,N,TX,SMT600FM11J120729,2001,BLU,NA,NA,MOTORCYCLE,N,78737,1,LIABILITY INSURANCE POLICY,"MOTORCYCLE, SCOOTER, MOPED, ETC. ONLY",DAMAGED 1 MINIMUM,12,NA,NA,NA,N,SOUTHSIDE WRECKER INC,SOUTHSIDE WRECKER INC,FAILED TO CONTROL SPEED,DISREGARD TURN MARKS AT INTERSECTION,NA,WEST,Y,1,0,0,0,0,1,0
14915359,2,MOTOR VEHICLE,N,N,TX,JKAZXCE168A003569,NA,GRN,KAWASAKI,NA,MOTORCYCLE,N,77338,1,LIABILITY INSURANCE POLICY,FRONT END (LEFT) DAMAGE PARTIAL CONTACT,DAMAGED 1 MINIMUM,11,NA,NA,NA,N,,,NONE,NA,NA,SOUTH,Y,0,0,0,1,0,0,0
14944481,1,MOTOR VEHICLE,N,N,TX,1HD1KBW386Y600169,2006,BLU,HARLEY-DAVIDSON,NA,MOTORCYCLE,N,79045,1,PROOF OF LIABILITY INSURANCE,FRONT END (RIGHT)  DAMAGE PARTIAL CONTACT,DAMAGED 1 MINIMUM,2,RIGHT SIDE DAMAGE ANGULAR IMPACT,DAMAGED 2,3,N,,,FAILED TO CONTROL SPEED,NA,NA,WEST,Y,0,1,0,0,0,1,0
14880774,2,MOTOR VEHICLE,N,N,TX,JKAKLEE12FDA79149,NA,GRN,KAWASAKI,NA,MOTORCYCLE,N,75067,1,PROOF OF LIABILITY INSURANCE,"MOTORCYCLE, SCOOTER, MOPED, ETC. ONLY",DAMAGED 1 MINIMUM,2,NA,NA,NA,N,RIDDEN AWAY,RIDER,NONE,NA,NA,NORTH,Y,0,1,0,0,0,1,0
14946803,1,MOTOR VEHICLE,N,N,TX,JYAVP11E57A103822,2007,GRY,YAMAHA,UNKNOWN,MOTORCYCLE,N,77449,1,PROOF OF LIABILITY INSURANCE,"MOTORCYCLE, SCOOTER, MOPED, ETC. ONLY",DAMAGED 1 MINIMUM,1,NA,NA,NA,N,EXPRO COLLISION,940 STATE HIGHWAY 6 SOUTH,FAILED TO CONTROL SPEED,NA,NA,EAST,Y,0,1,0,0,0,1,0
14875432,2,MOTOR VEHICLE,N,N,TX,JS1NP41A122100965,2002,BLK,SUZUKI,NA,MOTORCYCLE,N,78660,3,PROOF OF LIABILITY INSURANCE,LEFT SIDE AND TOP DAMAGE ROLLOVER EFFECTS,DAMAGED 6,12,NA,NA,NA,Y,620 LAKESIDE TOWING,620 LAKESIDE TOWING,UNDER INFLUENCE - ALCOHOL,NA,NA,EAST,Y,1,0,0,0,0,1,0
14866688,1,MOTOR VEHICLE,N,N,TX,JS1VS55AX92100097,NA,GRN,SUZUKI,NA,MOTORCYCLE,N,77802,1,PROOF OF LIABILITY INSURANCE,"MOTORCYCLE, SCOOTER, MOPED, ETC. ONLY",DAMAGED 1 MINIMUM,12,NA,NA,NA,N,,,NONE,NA,NA,SOUTHEAST,Y,0,0,0,1,0,0,0
14914416,1,MOTOR VEHICLE,N,N,TX,1HD1GDV122Y306161,2002,BLU,HARLEY-DAVIDSON,UNKNOWN,MOTORCYCLE,N,78501,2,NA,"MOTORCYCLE, SCOOTER, MOPED, ETC. ONLY",DAMAGED 1 MINIMUM,NA,"MOTORCYCLE, SCOOTER, MOPED, ETC. ONLY",DAMAGED 1 MINIMUM,9,N,BRONCO,10213 N. 25TH ST MCALLEN TX 78504,FAILED TO CONTROL SPEED,NA,NA,NORTHWEST,Y,1,0,0,0,0,1,0
14939121,1,MOTOR VEHICLE,N,N,TX,JS1VS55A092102084,NA,MAR,SUZUKI,NA,MOTORCYCLE,N,78596,1,PROOF OF LIABILITY INSURANCE,RIGHT SIDE DAMAGE ANGULAR IMPACT,DAMAGED 3,3,LEFT SIDE DAMAGE ANGULAR IMPACT,DAMAGED 3,3,N,ABF WRECKER,"3900 E BUSINESS 83 WESLACO, TX",NONE,NA,NA,WEST,Y,1,0,0,0,0,1,0
14861654,1,MOTOR VEHICLE,N,N,TX,1HD1GY415AC330331,NA,BLU,HARLEY-DAVIDSON,NA,MOTORCYCLE,N,75570,1,PROOF OF LIABILITY INSURANCE,FRONT END DAMAGE DISTRIBUTED IMPACT,DAMAGED 1 MINIMUM,12,LEFT SIDE DAMAGE ANGULAR IMPACT,DAMAGED 1 MINIMUM,NA,Y,KAMEL TOWING,11615 RAILROAD,OTHER (EXPLAIN IN NARRATIVE),NA,NA,WEST,Y,0,1,0,0,0,1,0
14915600,2,MOTOR VEHICLE,N,N,TX,SMT600FM11J112365,2001,MUL,NA,NA,MOTORCYCLE,N,79928,1,PROOF OF LIABILITY INSURANCE,RIGHT FRONT QUARTER DAMAGE ANGULAR IMPACT,DAMAGED 3,2,RIGHT FRONT QUARTER DAMAGE ANGULAR IMPACT,DAMAGED 3,2,N,DRIVER,TRAFFIC,DRIVER INATTENTION,NA,NA,NORTHEAST,Y,0,0,1,0,0,1,0
14932523,4,MOTOR VEHICLE,Y,N,TX,1HD1FDV151Y660161,2001,BLU,HARLEY-DAVIDSON,NA,MOTORCYCLE,N,77650,2,NA,"MOTORCYCLE, SCOOTER, MOPED, ETC. ONLY",DAMAGED 1 MINIMUM,3,NA,NA,NA,N,,,NONE,NA,NA,EAST,N,0,0,0,0,0,0,0
14932787,2,MOTOR VEHICLE,N,N,TX,JH2RC53557M000220,2007,RED,HONDA,NA,MOTORCYCLE,N,78597,2,NA,"MOTORCYCLE, SCOOTER, MOPED, ETC. ONLY",DAMAGED 1 MINIMUM,3,NA,NA,NA,N,LEFT AT LOCATION BY DRIVER,,NONE,NA,NA,NORTH,Y,0,0,1,0,0,1,0
14850788,2,MOTOR VEHICLE,N,N,TX,MLHPC4611D5000222,NA,BLK,HONDA,NA,MOTORCYCLE,N,78744,1,PROOF OF LIABILITY INSURANCE,RIGHT FRONT QUARTER DAMAGE ANGULAR IMPACT,DAMAGED 5,4,NA,NA,NA,N,ROCHAS TOWING,5700 BURLESON,NONE,NA,NA,EAST,Y,1,0,0,0,0,1,0
14935162,2,MOTOR VEHICLE,N,N,TX,JH2PF01126K400750,2006,BLU,HONDA,UNKNOWN,MOTORCYCLE,N,77043,1,PROOF OF LIABILITY INSURANCE,"MOTORCYCLE, SCOOTER, MOPED, ETC. ONLY",DAMAGED 1 MINIMUM,NA,NA,NA,NA,N,,PARKED AT 10100 HAMMERLY,NONE,NA,NA,EAST,Y,0,1,0,0,0,1,0
14981969,4,MOTOR VEHICLE,Y,N,TX,1HD1FCW153Y640360,2003,MAR,HARLEY-DAVIDSON,UNKNOWN,MOTORCYCLE,N,77531,1,LIABILITY INSURANCE POLICY,FRONT END DAMAGE DISTRIBUTED IMPACT,DAMAGED 1 MINIMUM,12,RIGHT SIDE DAMAGE ANGULAR IMPACT,DAMAGED 1 MINIMUM,3,N,REGISTERED OWNER,ADDRESS,NONE,NA,NA,UNKNOWN,N,0,0,0,0,0,0,0
14923953,1,MOTOR VEHICLE,N,N,TX,JH2AF5812FK302228,NA,WHI,HONDA,UNKNOWN,MOTORCYCLE,N,78258,1,LIABILITY INSURANCE POLICY,"MOTORCYCLE, SCOOTER, MOPED, ETC. ONLY",DAMAGED 1 MINIMUM,12,NA,NA,NA,Y,CLARK AUTO CARE,CLARK AUTO CARE,FAILED TO CONTROL SPEED,NA,HAD BEEN DRINKING,WEST,Y,0,1,0,0,0,1,0
14968441,1,MOTOR VEHICLE,N,N,TX,1HFSC46053A105006,2003,BLK,HONDA,UNKNOWN,MOTORCYCLE,N,75167,1,PROOF OF LIABILITY INSURANCE,"MOTORCYCLE, SCOOTER, MOPED, ETC. ONLY",DAMAGED 1 MINIMUM,NA,NA,NA,NA,Y,TOW PRO /  972-938-3221,"8215 LITTLE BRANCH WAXAHACHIE, TX 75165",DRIVER INATTENTION,UNSAFE SPEED,NA,NORTHEAST,Y,0,1,0,0,0,1,0
14946879,2,MOTOR VEHICLE,N,N,TX,JH2RC46196M800715,2006,WHI,HONDA,NA,MOTORCYCLE,N,,1,PROOF OF LIABILITY INSURANCE,"MOTORCYCLE, SCOOTER, MOPED, ETC. ONLY",DAMAGED 1 MINIMUM,NA,NA,NA,NA,N,,,NONE,NA,NA,WEST,Y,0,0,0,1,0,0,0
14878676,1,MOTOR VEHICLE,N,N,TX,1HD1KEL10EB645631,NA,BLU,HARLEY-DAVIDSON,NA,MOTORCYCLE,N,75459,2,NA,FRONT END DAMAGE DISTRIBUTED IMPACT,DAMAGED 6,12,FRONT END (RIGHT)  DAMAGE PARTIAL CONTACT,DAMAGED 5,1,N,ADAMS AUTOMOTIVE,"85 REDDEN RD, VANALSTYNE TX",DRIVER INATTENTION,PASSED IN NO PASSING LANE,FAILED TO CONTROL SPEED,EAST,Y,1,0,0,0,0,1,0
14885353,1,MOTOR VEHICLE,N,N,TX,1HD1KEM10DB601934,NA,BLK,HARLEY-DAVIDSON,NA,MOTORCYCLE,N,78148,1,PROOF OF LIABILITY INSURANCE,"MOTORCYCLE, SCOOTER, MOPED, ETC. ONLY",DAMAGED 1 MINIMUM,9,NA,NA,NA,N,RICHARD'S TOWING,GROWDON POUND,NA,NA,UNDER INFLUENCE - ALCOHOL,NORTHWEST,Y,0,0,0,1,0,0,0
14958707,1,MOTOR VEHICLE,N,N,TX,1HD1JA5127Y061045,2007,BLK,HARLEY-DAVIDSON,NA,MOTORCYCLE,N,78645,1,PROOF OF LIABILITY INSURANCE,"MOTORCYCLE, SCOOTER, MOPED, ETC. ONLY",DAMAGED 1 MINIMUM,1,NA,NA,NA,N,CEDAR PARK WRECKER (512)267-5100,"13300 B WIRE RD; LEANDER, TX",FAULTY EVASIVE ACTION,NA,UNDER INFLUENCE - ALCOHOL,NORTH,Y,0,0,0,1,0,0,0
14901415,1,MOTOR VEHICLE,N,N,TX,JS1GW71A652104169,2005,SIL,SUZUKI,NA,MOTORCYCLE,N,76031,1,LIABILITY INSURANCE POLICY,DISTRIBUTED LEFT SIDE DAMAGE PARALLEL IMPACT,DAMAGED 4,11,NA,NA,NA,N,,,UNSAFE SPEED,NA,ANIMAL ON ROAD- WILD,SOUTHEAST,Y,0,0,0,1,0,0,0
14974600,2,MOTOR VEHICLE,N,N,TX,JYAVP11E49A113664,NA,BLK,YAMAHA,NA,MOTORCYCLE,N,75231,1,PROOF OF LIABILITY INSURANCE,"MOTORCYCLE, SCOOTER, MOPED, ETC. ONLY",DAMAGED 1 MINIMUM,6,NA,NA,NA,N,,,NONE,NA,NA,EAST,Y,0,1,0,0,0,1,0
14970172,2,MOTOR VEHICLE,N,N,TX,JH2SC51729K600407,NA,WHI,HONDA,NA,MOTORCYCLE,N,76182,1,PROOF OF LIABILITY INSURANCE,"MOTORCYCLE, SCOOTER, MOPED, ETC. ONLY",DAMAGED 1 MINIMUM,10,NA,NA,NA,N,,,NONE,NA,NA,WEST,Y,1,0,0,0,0,1,0
14954189,2,MOTOR VEHICLE,N,N,GA,1HD1KBM1XCB690456,NA,BLK,HARLEY-DAVIDSON,NA,MOTORCYCLE,N,75503,1,PROOF OF LIABILITY INSURANCE,"MOTORCYCLE, SCOOTER, MOPED, ETC. ONLY",DAMAGED 1 MINIMUM,1,NA,NA,NA,N,NEELY'S TOWING,3031 W. 7TH ST.,NONE,NA,NA,WEST,Y,0,1,0,0,0,1,0
14925505,3,MOTOR VEHICLE,N,N,TX,1HD1BX5188Y024230,NA,MUL,HARLEY-DAVIDSON,UNKNOWN,MOTORCYCLE,N,78218,1,LIABILITY INSURANCE POLICY,FRONT END DAMAGE CONCENTRATED IMPACT,DAMAGED 2,1,"MOTORCYCLE, SCOOTER, MOPED, ETC. ONLY",DAMAGED 1 MINIMUM,9,N,TEXAS TOWING,GROWDON POUND,NONE,NA,NA,NORTH,Y,0,0,0,0,0,0,1
14953942,1,MOTOR VEHICLE,N,N,TX,1HD1BVB185Y022997,2005,BLK,HARLEY-DAVIDSON,UNKNOWN,MOTORCYCLE,N,77581,1,PROOF OF LIABILITY INSURANCE,"MOTORCYCLE, SCOOTER, MOPED, ETC. ONLY",DAMAGED 1 MINIMUM,6,"MOTORCYCLE, SCOOTER, MOPED, ETC. ONLY",DAMAGED 1 MINIMUM,9,Y,TAYLOR TOWING,TAYLOR TOWING,FLEEING OR EVADING POLICE,FAULTY EVASIVE ACTION,NA,WEST,Y,0,0,0,1,0,0,0
14944151,1,MOTOR VEHICLE,N,N,TX,JH2SC500X2M007165,2002,RED,HONDA,UNKNOWN,MOTORCYCLE,N,77590,2,NA,BACK END DAMAGE CONCENTRATED IMPACT,DAMAGED 4,6,FRONT END DAMAGE CONCENTRATED IMPACT,DAMAGED 5,12,N,BILLS,BILLS,IMPROPER START FROM PARKED POSITION,NA,NA,WEST,Y,0,0,1,0,0,1,0
14842665,2,MOTOR VEHICLE,N,N,TX,JH2SC68HXEK200108,NA,RED,HONDA,UNKNOWN,MOTORCYCLE,N,77423,1,PROOF OF LIABILITY INSURANCE,"MOTORCYCLE, SCOOTER, MOPED, ETC. ONLY",DAMAGED 1 MINIMUM,NA,NA,NA,NA,N,GREGORY'S WRECKER SERVICE (281) 934-8711,"1450 KELLNER RD, BROOKSHIRE, TX, 77423",NONE,NA,NA,NORTHEAST,Y,0,2,0,0,0,2,0
14882525,1,MOTOR VEHICLE,N,N,TX,9D38345H6,1976,BLK,HARLEY-DAVIDSON,UNKNOWN,MOTORCYCLE,N,78745,1,LIABILITY INSURANCE POLICY,"MOTORCYCLE, SCOOTER, MOPED, ETC. ONLY",DAMAGED 1 MINIMUM,NA,NA,NA,NA,N,SOUTHSIDE WRECKER INC,SOUTHSIDE WRECKER INC,UNDER INFLUENCE - ALCOHOL,NA,NA,SOUTHWEST,Y,0,0,0,1,0,0,0
14855428,2,MOTOR VEHICLE,N,N,TX,JH2PC0814GM300881,1986,BLK,HONDA,UNKNOWN,MOTORCYCLE,N,79904,2,NA,LEFT SIDE DAMAGE ANGULAR IMPACT,DAMAGED 2,3,NA,NA,NA,N,,,NONE,NA,NA,EAST,Y,0,0,1,0,0,1,0
14900449,1,MOTOR VEHICLE,N,N,TX,1HD1KEM13DB680287,NA,SIL,HARLEY-DAVIDSON,UNKNOWN,MOTORCYCLE,N,76135,1,PROOF OF LIABILITY INSURANCE,FRONT END DAMAGE DISTRIBUTED IMPACT,DAMAGED 4,12,NA,NA,NA,N,TEXAS TOWING,"4520 EBBTIDE COURT, FORT WORTH",DISREGARD STOP SIGN OR LIGHT,NA,DRIVER INATTENTION,EAST,Y,1,0,0,0,0,1,0
14919216,2,MOTOR VEHICLE,N,N,TX,JYAVP02E1YA006790,2000,WHI,YAMAHA,NA,MOTORCYCLE,N,78501,1,PROOF OF LIABILITY INSURANCE,"MOTORCYCLE, SCOOTER, MOPED, ETC. ONLY",DAMAGED 1 MINIMUM,NA,NA,NA,NA,N,,DRIVEN AWAY,NONE,NA,NA,NORTH,Y,0,0,0,1,0,0,0