CRASH_ID,UNIT_NBR,UNIT_DESC_ID,VEH_PARKED_FL,VEH_HNR_FL,VEH_LIC_STATE_ID,VIN,VEH_MOD_YEAR,VEH_COLOR_ID,VEH_MAKE_ID,VEH_MOD_ID,VEH_BODY_STYL_ID,EMER_RESPNDR_FL,OWNR_ZIP,FIN_RESP_PROOF_ID,FIN_RESP_TYPE_ID,VEH_DMAG_AREA_1_ID,VEH_DMAG_SCL_1_ID,FORCE_DIR_1_ID,VEH_DMAG_AREA_2_ID,VEH_DMAG_SCL_2_ID,FORCE_DIR_2_ID,VEH_INVENTORIED_FL,VEH_TRANSP_NAME,VEH_TRANSP_DEST,CONTRIB_FACTR_1_ID,CONTRIB_FACTR_2_ID,CONTRIB_FACTR_P1_ID,VEH_TRVL_DIR_ID,FIRST_HARM_EVT_INV_ID,INCAP_INJRY_CNT,NONINCAP_INJRY_CNT,POSS_INJRY_CNT,NON_INJRY_CNT,UNKN_INJRY_CNT,TOT_INJRY_CNT,DEATH_CNT
14945933,1,MOTOR VEHICLE,N,N,TX,1HD1JAB191Y020794,2001,BLU,HARLEY-DAVIDSON,NA,MOTORCYCLE,N,78224,1,PROOF OF LIABILITY INSURANCE,FRONT END (RIGHT)  DAMAGE PARTIAL CONTACT,DAMAGED 4,1,NA,NA,NA,N,MISSION TOWING,GROWDEN POUND,DRIVER INATTENTION,NA,NA,SOUTHWEST,Y,1,0,0,0,0,1,0
14915445,1,MOTOR VEHICLE,N,N,TX,JS1GR7KAX72113952,2007,BLK,SUZUKI,NA,MOTORCYCLE,N,76018,1,PROOF OF LIABILITY INSURANCE,"MOTORCYCLE, SCOOTER, MOPED, ETC. ONLY",DAMAGED 1 MINIMUM,12,NA,NA,NA,Y,DAVES HIWAY WRECKER,3010 HARDROCK RD,FAILED TO CONTROL SPEED,FAULTY EVASIVE ACTION,DRIVER INATTENTION,NORTH,Y,0,1,0,0,0,1,0
14943971,2,MOTOR VEHICLE,N,N,TX,JS1GN79A432102800,2003,YEL,SUZUKI,NA,MOTORCYCLE,N,75067,2,NA,FRONT END DAMAGE DISTRIBUTED IMPACT,DAMAGED 3,12,NA,NA,NA,N,BRADS,1630 RIVERVIEW DR LEWISVILLE TX 75057,NONE,NA,NA,SOUTH,Y,0,1,0,0,0,1,0
14937066,2,MOTOR VEHICLE,N,N,TX,JYARJ16EXEA030987,NA,GRY,YAMAHA,UNKNOWN,MOTORCYCLE,N,78043,2,NA,"MOTORCYCLE, SCOOTER, MOPED, ETC. ONLY",DAMAGED 1 MINIMUM,12,NA,NA,NA,Y,CABELLO WRECKER SERVICE,"2601 GUADALUPE ST. LAREDO, TX",NONE,NA,NA,NORTH,Y,0,0,1,0,0,1,0
14858705,1,MOTOR VEHICLE,N,N,OK,1HD1JT915GC012165,NA,BLK,HARLEY-DAVIDSON,UNKNOWN,MOTORCYCLE,N,74129,1,PROOF OF LIABILITY INSURANCE,FRONT END DAMAGE CONCENTRATED IMPACT,DAMAGED 3,12,NA,NA,NA,N,EDD'S TOWING,"708B KATY RD, KELLER TEXAS",DRIVER INATTENTION,FAILED TO CONTROL SPEED,NA,EAST,Y,0,0,0,1,0,0,0
14976402,1,MOTOR VEHICLE,N,N,TX,JYARJ13E87A002323,2007,RED,YAMAHA,NA,MOTORCYCLE,N,1118,1,PROOF OF LIABILITY INSURANCE,"MOTORCYCLE, SCOOTER, MOPED, ETC. ONLY",DAMAGED 1 MINIMUM,12,NA,NA,NA,Y,MILLIGANS TOWING,MILLIGANS TOWING YARD,OTHER (EXPLAIN IN NARRATIVE),NA,OTHER (EXPLAIN IN NARRATIVE),SOUTHWEST,Y,0,0,0,0,1,0,0
15101327,2,MOTOR VEHICLE,N,N,TX,1HD1KB4179Y635050,NA,BLK,HARLEY-DAVIDSON,UNKNOWN,MOTORCYCLE,N,77517,1,LIABILITY INSURANCE POLICY,"MOTORCYCLE, SCOOTER, MOPED, ETC. ONLY",DAMAGED 1 MINIMUM,NA,NA,NA,NA,N,WALKERS WRECKER SERVICE,WRECKER LOT,NONE,NA,NA,NORTH,Y,1,0,0,0,0,1,0
14987085,1,MOTOR VEHICLE,N,N,TX,JH2MF0205HK102771,1987,YEL,HONDA,NA,MOTORCYCLE,N,79510,2,NA,"MOTORCYCLE, SCOOTER, MOPED, ETC. ONLY",DAMAGED 1 MINIMUM,12,NA,NA,NA,N,PUSHED AWAY BY OWNER,,FAILED TO YIELD ROW - PRIVATE DRIVE,NA,NA,WEST,Y,0,0,1,0,0,1,0
14905780,2,MOTOR VEHICLE,N,N,TX,JKAEXMJ159DA40657,NA,RED,KAWASAKI,NA,MOTORCYCLE,N,77083,2,NA,"MOTORCYCLE, SCOOTER, MOPED, ETC. ONLY",DAMAGED 1 MINIMUM,12,NA,NA,NA,N,,,NONE,NA,NA,SOUTH,Y,0,0,1,0,0,1,0
14948815,3,MOTOR VEHICLE,N,N,TX,JH2RC6359DK100558,NA,BLK,HONDA,NA,MOTORCYCLE,N,77364,1,PROOF OF LIABILITY INSURANCE,"MOTORCYCLE, SCOOTER, MOPED, ETC. ONLY",DAMAGED 1 MINIMUM,NA,NA,NA,NA,N,GW'S WRECKER SERVICE 936-653-2022,"970 SLADE ST.,COLDSPRING, TX 77331",NONE,NA,NA,NORTH,N,0,1,0,0,0,1,0
14937166,2,MOTOR VEHICLE,N,N,TX,JH2SC57004M000332,2004,BLK,HONDA,NA,MOTORCYCLE,N,78566,1,PROOF OF LIABILITY INSURANCE,"MOTORCYCLE, SCOOTER, MOPED, ETC. ONLY",DAMAGED 1 MINIMUM,11,NA,NA,NA,,EXPRESSWAY TOWING,"602 N COMMERCE, HARLINGEN",NONE,NA,NA,SOUTH,Y,1,0,0,0,0,1,0
14980533,1,MOTOR VEHICLE,N,N,TX,JS1GX72A7B2101983,NA,BLK,SUZUKI,NA,MOTORCYCLE,N,97035,1,LIABILITY INSURANCE POLICY,"MOTORCYCLE, SCOOTER, MOPED, ETC. ONLY",DAMAGED 1 MINIMUM,NA,NA,NA,NA,N,NOT TOWED.,NOT TOWED.,NA,NA,SPEEDING - (OVERLIMIT),SOUTH,Y,1,0,0,0,0,1,0
14888810,1,MOTOR VEHICLE,N,N,TX,JKAEXMJ199DA17463,NA,BLU,KAWASAKI,NA,MOTORCYCLE,N,77388,2,NA,FRONT END DAMAGE CONCENTRATED IMPACT,DAMAGED 2,12,FRONT END DAMAGE CONCENTRATED IMPACT,DAMAGED 2,12,N,QUICK TOWING,28075 ROBINSON RD.,DRIVER INATTENTION,FAILED TO CONTROL SPEED,NA,NORTH,Y,0,0,0,1,0,0,0
14940254,2,MOTOR VEHICLE,N,N,TX,JS1VP52A112101164,2001,BLU,SUZUKI,NA,MOTORCYCLE,N,78654,1,PROOF OF LIABILITY INSURANCE,"MOTORCYCLE, SCOOTER, MOPED, ETC. ONLY",DAMAGED 1 MINIMUM,NA,NA,NA,NA,N,SHAWN CLAIBORNE,"2100 CR122 MARBLE FALLS, TX 78654",NONE,NA,NA,NORTHWEST,Y,0,1,0,0,0,1,0
14959434,2,MOTOR VEHICLE,N,N,NJ,JH2PF01149K700651,NA,RED,HONDA,NA,MOTORCYCLE,N,8648,1,PROOF OF LIABILITY INSURANCE,"MOTORCYCLE, SCOOTER, MOPED, ETC. ONLY",DAMAGED 1 MINIMUM,12,NA,NA,NA,N,,,NONE,NA,NA,SOUTH,Y,0,0,0,1,0,0,0
14939538,4,MOTOR VEHICLE,N,N,TX,1HD1BML13VY056046,1997,SIL,HARLEY-DAVIDSON,NA,MOTORCYCLE,N,76050,1,PROOF OF LIABILITY INSURANCE,DISTRIBUTED RIGHT SIDE DAMAGE PARALLEL IMPACT,DAMAGED 1 MINIMUM,3,DISTRIBUTED LEFT SIDE DAMAGE PARALLEL IMPACT,DAMAGED 1 MINIMUM,9,N,,,NONE,NA,NA,EAST,N,0,0,0,1,0,0,0
14978295,2,MOTOR VEHICLE,N,N,TX,SMT915RN3FT704833,NA,GRY,NA,NA,MOTORCYCLE,N,78738,1,PROOF OF LIABILITY INSURANCE,BACK END DAMAGE CONCENTRATED IMPACT,DAMAGED 2,6,FRONT END DAMAGE CONCENTRATED IMPACT,DAMAGED 2,12,N,,,NONE,NA,NA,NORTHEAST,Y,0,0,1,0,0,1,0
14980731,4,MOTOR VEHICLE,N,N,TX,1HD1CT3119K400814,NA,BLK,HARLEY-DAVIDSON,NA,MOTORCYCLE,N,78861,2,NA,FRONT END DAMAGE CONCENTRATED IMPACT,DAMAGED 3,12,NA,NA,NA,N,CONTRACT TOW,GROWDEN POUND,FOLLOWED TOO CLOSELY,NA,NA,SOUTHWEST,N,0,1,0,0,0,1,0
14854198,1,MOTOR VEHICLE,N,N,TX,JS1GW71A662112726,2006,BLK,SUZUKI,NA,MOTORCYCLE,N,77091,1,PROOF OF LIABILITY INSURANCE,"MOTORCYCLE, SCOOTER, MOPED, ETC. ONLY",DAMAGED 1 MINIMUM,6,"MOTORCYCLE, SCOOTER, MOPED, ETC. ONLY",DAMAGED 1 MINIMUM,5,N,EXPRO COLLISION,"1700 BRITTMOORE HOUSTON, TX 77043",FAILED TO DRIVE IN SINGLE LANE,NA,NA,EAST,Y,0,0,1,0,0,1,0
14917647,4,MOTOR VEHICLE,Y,N,TX,1HD1CLP184K404197,2004,BLK,HARLEY-DAVIDSON,NA,MOTORCYCLE,N,78741,1,PROOF OF LIABILITY INSURANCE,BACK END DAMAGE CONCENTRATED IMPACT,DAMAGED 2,6,FRONT END DAMAGE CONCENTRATED IMPACT,DAMAGED 2,12,N,,,NONE,NA,NA,NORTHEAST,N,0,0,0,0,0,0,0
14966103,2,MOTOR VEHICLE,N,N,TX,JKBZXJC106A034719,2006,BLU,KAWASAKI,NA,MOTORCYCLE,N,77095,1,PROOF OF LIABILITY INSURANCE,DISTRIBUTED LEFT SIDE DAMAGE PARALLEL IMPACT,DAMAGED 3,NA,DISTRIBUTED RIGHT SIDE DAMAGE PARALLEL IMPACT,DAMAGED 3,NA,N,WESTWAY TOWING,"940 HWY 6 SOUTH HOUSTON, TX 77079",CHANGED LANE WHEN UNSAFE,NA,SPEEDING - (OVERLIMIT),NORTH,Y,0,1,0,0,0,1,0
14888683,1,MOTOR VEHICLE,N,Y,TX,JYARN23E1BA011559,NA,BLK,YAMAHA,NA,MOTORCYCLE,N,79932,2,NA,FRONT END DAMAGE DISTRIBUTED IMPACT,DAMAGED 4,12,RIGHT FRONT QUARTER DAMAGE ANGULAR IMPACT,DAMAGED 2,1,N,DRIVER,TRAFFIC,NONE,NA,NA,SOUTH,Y,0,1,0,0,0,1,0
14972605,2,MOTOR VEHICLE,N,N,TX,L5YTCKPA181229090,NA,MAR,ALL OTHER MAKES,UNKNOWN,MOTORCYCLE,N,77551,2,NA,LEFT SIDE DAMAGE ANGULAR IMPACT,DAMAGED 1 MINIMUM,9,RIGHT SIDE DAMAGE ANGULAR IMPACT,DAMAGED 2,3,Y,ALL AMERICAN WRECKER,WRECKER LOT,NONE,NA,NA,EAST,Y,0,1,0,0,0,1,0
14909385,2,MOTOR VEHICLE,N,N,TX,1HD1BWB1X5Y085847,2006,RED,HARLEY-DAVIDSON,NA,MOTORCYCLE,N,78723,1,LIABILITY INSURANCE POLICY,DISTRIBUTED LEFT SIDE DAMAGE PARALLEL IMPACT,DAMAGED 3,9,FRONT END (RIGHT)  DAMAGE PARTIAL CONTACT,DAMAGED 1 MINIMUM,3,N,AVILES AND GABES WRECKER,AVILES AND GABES WRECKER,NONE,NA,NA,SOUTH,Y,0,0,1,0,0,1,0
14925109,2,MOTOR VEHICLE,N,N,TX,1HD1GN4129K320162,NA,RED,HARLEY-DAVIDSON,NA,MOTORCYCLE,N,77632,1,PROOF OF LIABILITY INSURANCE,"MOTORCYCLE, SCOOTER, MOPED, ETC. ONLY",DAMAGED 1 MINIMUM,12,NA,NA,NA,,TAKEN AWAY BY FAMILY,,NONE,NA,NA,SOUTHWEST,Y,0,0,0,1,0,0,0
14855642,1,MOTOR VEHICLE,N,N,TX,1HFSC180XTA003776,1996,MAR,HONDA,NA,MOTORCYCLE,N,78207,2,NA,LEFT SIDE DAMAGE ANGULAR IMPACT,DAMAGED 1 MINIMUM,10,LEFT SIDE DAMAGE ANGULAR IMPACT,DAMAGED 2,9,N,TEXAS TOWING,GROWDON POUND,SPEEDING - (OVERLIMIT),NA,NA,WEST,Y,0,1,0,0,0,1,0
14861050,2,MOTOR VEHICLE,N,N,TX,JS1VP53A252105504,2005,BLU,SUZUKI,NA,MOTORCYCLE,N,76549,1,LIABILITY INSURANCE POLICY,FRONT END DAMAGE DISTRIBUTED IMPACT,DAMAGED 4,12,NA,NA,NA,N,ACTION TOWING (254)628-1012,"4305 TRIMMIER  KILLEEN, TX  76542",NONE,NA,NA,SOUTH,Y,0,1,0,0,0,1,0
14899284,1,MOTOR VEHICLE,N,N,TX,1HFSC1806YA400277,2000,BLK,HONDA,UNKNOWN,MOTORCYCLE,N,78541,1,PROOF OF LIABILITY INSURANCE,"MOTORCYCLE, SCOOTER, MOPED, ETC. ONLY",DAMAGED 1 MINIMUM,11,NA,NA,NA,Y,PAPO'S WRECKER,"5 3/4 N. CONWAY MISSION, TX 78572",FAILED TO DRIVE IN SINGLE LANE,UNDER INFLUENCE - ALCOHOL,NA,EAST,Y,1,0,0,0,0,1,0
14921877,2,MOTOR VEHICLE,N,N,TX,1HD1BWV16DB025724,NA,BLU,HARLEY-DAVIDSON,NA,MOTORCYCLE,N,77386,1,PROOF OF LIABILITY INSURANCE,BACK END DAMAGE CONCENTRATED IMPACT,DAMAGED 1 MINIMUM,6,NA,NA,NA,N,DRIVER,DRIVEN OF SCENE,NONE,NA,NA,WEST,Y,0,0,0,1,0,0,0
14943639,3,MOTOR VEHICLE,N,N,TX,ZAPM590T785000317,NA,BLK,PIAGGIO,NA,MOTORCYCLE,N,78738,1,PROOF OF LIABILITY INSURANCE,FRONT END DAMAGE DISTRIBUTED IMPACT,DAMAGED 3,1,NA,NA,NA,Y,GRIFFITH WRECKER,253 CR 418 D HENDERSON,NONE,NA,NA,SOUTH,N,1,0,0,0,0,1,0
14981251,1,MOTOR VEHICLE,N,N,TX,JH2SC57075M103832,2005,BLK,HONDA,NA,MOTORCYCLE,N,79029,1,PROOF OF LIABILITY INSURANCE,FRONT END DAMAGE DISTRIBUTED IMPACT,DAMAGED 4,1,NA,NA,NA,N,PACKS WRECKER,PACKS WRECKER,FAILED TO CONTROL SPEED,FLEEING OR EVADING POLICE,NA,WEST,Y,0,1,0,0,0,1,0
14901157,2,MOTOR VEHICLE,N,N,TX,JKAEXMJ15CDA99277,NA,RED,KAWASAKI,UNKNOWN,MOTORCYCLE,Y,79762,1,PROOF OF LIABILITY INSURANCE,FRONT END DAMAGE DISTRIBUTED IMPACT,DAMAGED 6,12,NA,NA,NA,N,NEAL POOL,"2714 KEYSTONE, ODESSA TX",NONE,NA,NA,SOUTH,Y,1,0,0,0,0,1,0
14905933,1,MOTOR VEHICLE,N,N,TX,1HD1BFV13EB031479,NA,BLK,HARLEY-DAVIDSON,UNKNOWN,MOTORCYCLE,N,76179,1,PROOF OF LIABILITY INSURANCE,FRONT END (RIGHT)  DAMAGE PARTIAL CONTACT,DAMAGED 1 MINIMUM,NA,FRONT END DAMAGE CONCENTRATED IMPACT,DAMAGED 1 MINIMUM,NA,N,DRIVEN AWAY,BY FRIEND,WRONG SIDE - APPROACH OR INTERSECTION,DRIVER INATTENTION,NA,NORTH,Y,1,0,0,0,0,1,0
14968837,1,MOTOR VEHICLE,N,N,TX,VTTGM51A772100986,2007,BLK,SUZUKI,UNKNOWN,MOTORCYCLE,N,77074,1,PROOF OF LIABILITY INSURANCE,"MOTORCYCLE, SCOOTER, MOPED, ETC. ONLY",DAMAGED 1 MINIMUM,9,NA,NA,NA,Y,S & J TOWING,416 BOWER RD HUMBLE TX 77338,FAILED TO DRIVE IN SINGLE LANE,NA,DRIVER INATTENTION,SOUTHWEST,Y,0,0,1,0,0,1,0
14898984,1,MOTOR VEHICLE,N,N,TX,JH2SC570X5M100598,2005,BLK,HONDA,NA,MOTORCYCLE,N,78108,2,NA,"MOTORCYCLE, SCOOTER, MOPED, ETC. ONLY",DAMAGED 1 MINIMUM,12,NA,NA,NA,N,MISSION TOWING,GROWDON POUND,DRIVER INATTENTION,FOLLOWED TOO CLOSELY,UNSAFE SPEED,NORTH,Y,0,1,0,0,0,1,0
14971515,1,MOTOR VEHICLE,N,N,TX,JH2PC4009FK800510,NA,BLK,HONDA,NA,MOTORCYCLE,N,76182,1,PROOF OF LIABILITY INSURANCE,DISTRIBUTED LEFT SIDE DAMAGE PARALLEL IMPACT,DAMAGED 5,2,NA,NA,NA,N,DRIVEN MY OWNER,OWNER LOCATION,HAD BEEN DRINKING,FAILED TO CONTROL SPEED,NA,NORTH,Y,0,0,1,0,0,1,0
14889254,1,MOTOR VEHICLE,N,N,TX,JH2RC4464YK300913,2000,BLK,HONDA,UNKNOWN,MOTORCYCLE,N,77539,1,PROOF OF LIABILITY INSURANCE,DISTRIBUTED LEFT SIDE DAMAGE PARALLEL IMPACT,DAMAGED 1 MINIMUM,9,NA,NA,NA,N,409 WRECKER,WRECKER LOT,FAULTY EVASIVE ACTION,NA,NA,WEST,Y,0,0,1,0,0,1,0
14916274,1,MOTOR VEHICLE,N,N,TX,1HD1GEV162K401587,2002,BLK,HARLEY-DAVIDSON,UNKNOWN,MOTORCYCLE,N,77316,1,LIABILITY INSURANCE POLICY,FRONT END DAMAGE DISTRIBUTED IMPACT,DAMAGED 4,12,RIGHT FRONT QUARTER DAMAGE ANGULAR IMPACT,DAMAGED 2,1,N,STOWES,"STOWES, 21587 EVA, MONTGOMERY, TX 77356",FAULTY EVASIVE ACTION,NA,FAILED TO CONTROL SPEED,EAST,Y,1,0,0,0,0,1,0
14919717,2,MOTOR VEHICLE,N,N,TX,MLHMC4101C5201800,NA,BLU,HONDA,NA,MOTORCYCLE,N,,1,PROOF OF LIABILITY INSURANCE,RIGHT SIDE DAMAGE ANGULAR IMPACT,DAMAGED 1 MINIMUM,2,BACK END DAMAGE DISTRIBUTED IMPACT,DAMAGED 1 MINIMUM,6,N,,,NONE,NA,NA,NORTHWEST,Y,0,1,0,0,0,1,0
14898989,1,MOTOR VEHICLE,N,N,TX,JS1VT54A532104175,2003,SIL,SUZUKI,NA,MOTORCYCLE,N,77872,1,PROOF OF LIABILITY INSURANCE,FRONT END DAMAGE CONCENTRATED IMPACT,DAMAGED 2,12,NA,NA,NA,Y,HUMBLE TOWING,"7821 RANKIN HUMBLE, TX 77396",FAILED TO CONTROL SPEED,NA,FOLLOWED TOO CLOSELY,WEST,Y,0,1,0,0,0,1,0
14926725,1,MOTOR VEHICLE,N,N,TX,1V9FV31A44R116744,2004,BLK,UNKNOWN,UNKNOWN,MOTORCYCLE,N,77573,1,PROOF OF LIABILITY INSURANCE,"MOTORCYCLE, SCOOTER, MOPED, ETC. ONLY",DAMAGED 1 MINIMUM,12,NA,NA,NA,Y,"BOSONE, INC","BOSONE, INC",NONE,NA,NA,EAST,Y,0,1,0,0,0,1,0
14977546,1,MOTOR VEHICLE,N,N,TX,1HFSC1803JA301311,1988,BLK,HONDA,UNKNOWN,MOTORCYCLE,N,78249,1,PROOF OF LIABILITY INSURANCE,BACK END DAMAGE DISTRIBUTED IMPACT,DAMAGED 5,6,NA,NA,NA,Y,MISSION TOWING,GROWDEN POUND,NONE,NA,NA,NORTHEAST,Y,0,1,0,0,0,1,0
14902598,1,MOTOR VEHICLE,N,N,TX,1HD4CAM12XK138007,1999,BLK,HARLEY-DAVIDSON,NA,MOTORCYCLE,N,79924,1,PROOF OF LIABILITY INSURANCE,FRONT END DAMAGE DISTRIBUTED IMPACT,DAMAGED 1 MINIMUM,12,NA,NA,NA,N,OWNER,TRAFFIC,FAILED TO CONTROL SPEED,NA,NA,NORTH,Y,0,1,0,0,0,1,0
14932523,3,MOTOR VEHICLE,Y,N,TX,1HFSC52666A300536,2006,BLK,HONDA,NA,MOTORCYCLE,N,75852,2,NA,"MOTORCYCLE, SCOOTER, MOPED, ETC. ONLY",DAMAGED 1 MINIMUM,3,NA,NA,NA,N,,,NONE,NA,NA,EAST,N,0,0,0,0,0,0,0
14982935,2,MOTOR VEHICLE,N,N,TX,ZDM1RAANX5B075279,2005,BLK,DUCATI,NA,MOTORCYCLE,N,78756,1,LIABILITY INSURANCE POLICY,"MOTORCYCLE, SCOOTER, MOPED, ETC. ONLY",DAMAGED 1 MINIMUM,NA,NA,NA,NA,N,ROCHAS,"5700 BURLESON, AUSTIN, TX 78744",NONE,NA,NA,SOUTH,Y,0,0,1,0,0,1,0
14896495,1,MOTOR VEHICLE,N,N,TX,1HD1BJL40PY011111,1993,SIL,HARLEY-DAVIDSON,UNKNOWN,MOTORCYCLE,N,78744,1,LIABILITY INSURANCE POLICY,LEFT BACK QUARTER DAMAGE ANGULAR IMPACT,DAMAGED 4,9,NA,NA,NA,N,,,CHANGED LANE WHEN UNSAFE,NA,NA,NORTH,Y,0,0,0,1,0,0,0
14920080,1,MOTOR VEHICLE,N,N,TX,1HD1JL5129Y038802,NA,BLK,HARLEY-DAVIDSON,UNKNOWN,MOTORCYCLE,N,78539,2,NA,"MOTORCYCLE, SCOOTER, MOPED, ETC. ONLY",DAMAGED 1 MINIMUM,12,"MOTORCYCLE, SCOOTER, MOPED, ETC. ONLY",DAMAGED 1 MINIMUM,3,N,BERT OGDEN TOWING,"4221 S BU 281, EDINBURG, TX 78539",FAILED TO DRIVE IN SINGLE LANE,NA,NA,EAST,Y,0,1,0,0,0,1,0
14923320,2,MOTOR VEHICLE,N,N,TX,JH2PC37044M106793,2004,BLU,HONDA,UNKNOWN,MOTORCYCLE,N,79605,1,PROOF OF LIABILITY INSURANCE,"MOTORCYCLE, SCOOTER, MOPED, ETC. ONLY",DAMAGED 1 MINIMUM,10,NA,NA,NA,N,NOT TOWED,,SPEEDING - (OVERLIMIT),NA,NA,WEST,Y,0,1,0,0,0,1,0
14840537,2,MOTOR VEHICLE,N,N,MX,3H1JC30405D400818,2005,RED,HONDA,NA,MOTORCYCLE,N,0,2,NA,BACK END DAMAGE CONCENTRATED IMPACT,DAMAGED 5,6,"MOTORCYCLE, SCOOTER, MOPED, ETC. ONLY",DAMAGED 1 MINIMUM,6,N,DRIVER,PRIVATE TOW,NONE,NA,NA,EAST,Y,0,1,0,0,0,1,0
14954085,3,MOTOR VEHICLE,N,N,TX,MLHMC4102D5303642,NA,ONG,HONDA,UNKNOWN,MOTORCYCLE,N,78263,1,LIABILITY INSURANCE POLICY,"MOTORCYCLE, SCOOTER, MOPED, ETC. ONLY",DAMAGED 1 MINIMUM,NA,NA,NA,NA,N,DRIVEN AWAY BY RIDER,DRIVER AWAY BY RIDER,NONE,NA,NA,SOUTHWEST,N,0,0,1,0,0,1,0
14921295,1,MOTOR VEHICLE,N,Y,TX,JYARJ06E24A019796,2004,BLK,YAMAHA,NA,MOTORCYCLE,N,75234,1,LIABILITY INSURANCE POLICY,BACK END DAMAGE DISTRIBUTED IMPACT,DAMAGED 3,9,NA,NA,NA,Y,HESTERS,HERSTERS,NONE,NA,NA,NORTHEAST,Y,0,0,0,0,1,0,0
14901419,1,MOTOR VEHICLE,N,N,TX,JKBVNAE15WA080841,1998,BLK,KAWASAKI,UNKNOWN,MOTORCYCLE,N,75446,1,PROOF OF LIABILITY INSURANCE,DISTRIBUTED LEFT SIDE DAMAGE PARALLEL IMPACT,DAMAGED 1 MINIMUM,11,DISTRIBUTED RIGHT SIDE DAMAGE PARALLEL IMPACT,DAMAGED 1 MINIMUM,1,N,DRIVER,DRIVEN AWAY,FAILED TO DRIVE IN SINGLE LANE,NA,FAULTY EVASIVE ACTION,SOUTH,Y,0,0,0,1,0,0,0
14955370,1,MOTOR VEHICLE,N,N,TX,JH2RC50069K502418,NA,BLK,HONDA,UNKNOWN,MOTORCYCLE,N,77565,1,PROOF OF LIABILITY INSURANCE,DISTRIBUTED RIGHT SIDE DAMAGE PARALLEL IMPACT,DAMAGED 2,1,NA,NA,NA,N,DRIVER,DRIVEN AWAY,NONE,NA,NA,NORTH,Y,0,1,0,0,0,1,0
14916528,1,MOTOR VEHICLE,N,N,FL,JKBVNAA12WA075053,1998,BLK,YAMAHA,UNKNOWN,MOTORCYCLE,N,32210,2,NA,FRONT END (LEFT) DAMAGE PARTIAL CONTACT,NO DAMAGE,12,NA,NA,NA,N,1ST CHOICE/ 936-336-2617,"3920 BEAUMONT, LIBERTY, TX 77575",FAILED TO CONTROL SPEED,NA,NA,EAST,Y,0,0,0,1,0,0,0
14859363,2,MOTOR VEHICLE,N,N,TX,JH2PC4003EK700062,NA,RED,HONDA,NA,MOTORCYCLE,N,78336,1,LIABILITY INSURANCE POLICY,"MOTORCYCLE, SCOOTER, MOPED, ETC. ONLY",DAMAGED 1 MINIMUM,NA,NA,NA,NA,Y,E&J WRECKER SERVICE,102 W HAZLETT AVE,NONE,NA,NA,WEST,Y,1,0,0,0,0,1,0
14936103,2,MOTOR VEHICLE,N,N,TX,1HD1CGP195K423463,2005,BLK,HARLEY-DAVIDSON,UNKNOWN,MOTORCYCLE,N,77511,1,LIABILITY INSURANCE POLICY,FRONT END DAMAGE DISTRIBUTED IMPACT,DAMAGED 4,12,NA,NA,NA,N,LAWRENCE WRECKER,3540 N GORDON ST,NONE,NA,NA,EAST,Y,1,0,0,0,0,1,0
14974457,1,MOTOR VEHICLE,N,N,TX,1HD1GHV115K306831,2005,BLK,HARLEY-DAVIDSON,NA,MOTORCYCLE,N,79924,1,PROOF OF LIABILITY INSURANCE,FRONT END DAMAGE DISTRIBUTED IMPACT,DAMAGED 2,12,NA,NA,NA,N,PRIVATE TOW,OWNERS REQUEST,FAILED TO YIELD ROW - TURNING LEFT,TURNED IMPROPERLY - WRONG LANE,NA,NORTH,Y,0,0,1,0,0,1,0
14853368,1,MOTOR VEHICLE,N,N,TX,1HD1JDB156Y086526,2006,BLK,HARLEY-DAVIDSON,UNKNOWN,MOTORCYCLE,N,76248,1,PROOF OF LIABILITY INSURANCE,RIGHT SIDE DAMAGE ANGULAR IMPACT,DAMAGED 3,2,NA,NA,NA,N,,,FAILED TO CONTROL SPEED,NA,NA,NORTHWEST,Y,0,1,0,0,0,1,0
14874290,2,MOTOR VEHICLE,N,N,TX,1HD1TAN14FB957441,NA,BLU,HARLEY-DAVIDSON,NA,MOTORCYCLE,N,77303,1,PROOF OF LIABILITY INSURANCE,"MOTORCYCLE, SCOOTER, MOPED, ETC. ONLY",DAMAGED 1 MINIMUM,6,NA,NA,NA,N,,,NONE,NA,NA,SOUTHWEST,Y,0,0,0,1,0,0,0