CRASH_ID,UNIT_NBR,UNIT_DESC_ID,VEH_PARKED_FL,VEH_HNR_FL,VEH_LIC_STATE_ID,VIN,VEH_MOD_YEAR,VEH_COLOR_ID,VEH_MAKE_ID,VEH_MOD_ID,VEH_BODY_STYL_ID,EMER_RESPNDR_FL,OWNR_ZIP,FIN_RESP_PROOF_ID,FIN_RESP_TYPE_ID,VEH_DMAG_AREA_1_ID,VEH_DMAG_SCL_1_ID,FORCE_DIR_1_ID,VEH_DMAG_AREA_2_ID,VEH_DMAG_SCL_2_ID,FORCE_DIR_2_ID,VEH_INVENTORIED_FL,VEH_TRANSP_NAME,VEH_TRANSP_DEST,CONTRIB_FACTR_1_ID,CONTRIB_FACTR_2_ID,CONTRIB_FACTR_P1_ID,VEH_TRVL_DIR_ID,FIRST_HARM_EVT_INV_ID,INCAP_INJRY_CNT,NONINCAP_INJRY_CNT,POSS_INJRY_CNT,NON_INJRY_CNT,UNKN_INJRY_CNT,TOT_INJRY_CNT,DEATH_CNT
14923729,2,MOTOR VEHICLE,N,N,TX,JKAEXMJ11ADA61994,NA,RED,KAWASAKI,NA,MOTORCYCLE,N,78741,1,PROOF OF LIABILITY INSURANCE,LEFT FRONT QUARTER DAMAGE ANGULAR IMPACT,DAMAGED 1 MINIMUM,9,NA,NA,NA,N,ATX-VIP TOWING SERVICES,ATX-VIP TOWING SERVICES,NONE,NA,NA,SOUTH,Y,0,0,1,0,0,1,0
14955067,1,MOTOR VEHICLE,N,N,TX,JYAVP11Y4YA001519,2000,BLK,YAMAHA,UNKNOWN,MOTORCYCLE,N,77622,1,PROOF OF LIABILITY INSURANCE,"MOTORCYCLE, SCOOTER, MOPED, ETC. ONLY",DAMAGED 1 MINIMUM,NA,NA,NA,NA,Y,PARTICK'S - 409-423-5574,"807 N. MARGARET, KIRBYVILLE, TX 75956",FAILED TO DRIVE IN SINGLE LANE,NA,NA,NORTH,Y,0,0,1,0,0,1,0
14860782,2,MOTOR VEHICLE,N,N,TX,1HD1GDV1XYY328059,2000,BLK,HARLEY-DAVIDSON,NA,MOTORCYCLE,N,77707,1,LIABILITY INSURANCE POLICY,"MOTORCYCLE, SCOOTER, MOPED, ETC. ONLY",DAMAGED 1 MINIMUM,12,NA,NA,NA,N,TOP GUN WRECKER,WRECKER LOT,NONE,NA,NA,NORTH,Y,1,0,0,0,0,1,0
14867443,3,MOTOR VEHICLE,Y,N,TX,1HD1KHM11CB645571,NA,YEL,HARLEY-DAVIDSON,UNKNOWN,MOTORCYCLE,N,79761,1,PROOF OF LIABILITY INSURANCE,"MOTORCYCLE, SCOOTER, MOPED, ETC. ONLY",DAMAGED 1 MINIMUM,1,NA,NA,NA,N,,,NONE,NA,NA,NORTHEAST,N,0,0,0,0,0,0,0
14891260,2,MOTOR VEHICLE,N,N,TX,1HD1GEL17VY321817,1997,RED,HARLEY-DAVIDSON,UNKNOWN,MOTORCYCLE,N,77316,1,PROOF OF LIABILITY INSURANCE,FRONT END DAMAGE DISTRIBUTED IMPACT,DAMAGED 4,12,NA,NA,NA,N,NOT TOWED,NOT TOWED,NONE,NA,NA,SOUTH,Y,0,0,0,1,0,0,0
14928885,2,MOTOR VEHICLE,N,N,TX,JH2PC35075M600781,2005,RED,HONDA,NA,MOTORCYCLE,N,75211,1,PROOF OF LIABILITY INSURANCE,"MOTORCYCLE, SCOOTER, MOPED, ETC. ONLY",DAMAGED 1 MINIMUM,11,NA,NA,NA,Y,CONTRACT WRECKER,"1955 VILBIG, DALLAS, TEXAS",NONE,NA,NA,EAST,Y,0,1,0,0,0,1,0
14909455,2,MOTOR VEHICLE,N,N,TX,JKBVNKA185A014214,2005,BLK,KAWASAKI,NA,MOTORCYCLE,N,78660,1,PROOF OF LIABILITY INSURANCE,RIGHT SIDE DAMAGE ANGULAR IMPACT,DAMAGED 1 MINIMUM,3,DISTRIBUTED LEFT SIDE DAMAGE PARALLEL IMPACT,DAMAGED 2,9,N,MENNOS TOWING,2600 GARDENIA DR,NONE,NA,NA,SOUTH,Y,0,1,0,0,0,1,0
14934317,1,MOTOR VEHICLE,N,N,TX,JYARJ16E2CA026736,NA,GRY,YAMAHA,NA,MOTORCYCLE,N,78758,1,PROOF OF LIABILITY INSURANCE,FRONT END DAMAGE DISTRIBUTED IMPACT,DAMAGED 5,12,FRONT END DAMAGE DISTRIBUTED IMPACT,DAMAGED 5,11,N,HERNANDEZ WRECKER SERVICE,HERNANDEZ WRECKER SERVICE,FAILED TO CONTROL SPEED,NA,DRIVER INATTENTION,SOUTH,Y,0,0,0,1,0,0,0
14936734,2,MOTOR VEHICLE,N,Y,TX,JH2PC2102VM800659,1997,BLK,HONDA,UNKNOWN,MOTORCYCLE,N,79763,1,PROOF OF LIABILITY INSURANCE,BACK END DAMAGE DISTRIBUTED IMPACT,DAMAGED 1 MINIMUM,6,NA,NA,NA,,,,CHANGED LANE WHEN UNSAFE,NA,NA,WEST,Y,0,0,0,1,0,0,0
14888611,1,MOTOR VEHICLE,N,N,TX,1HD1JD5157Y032530,2007,BLK,HONDA,NA,MOTORCYCLE,N,95827,1,PROOF OF LIABILITY INSURANCE,FRONT END (LEFT) DAMAGE PARTIAL CONTACT,DAMAGED 2,11,NA,NA,NA,Y,PRO TOW,1006 E MAIN ST,FAILED TO CONTROL SPEED,NA,FAULTY EVASIVE ACTION,SOUTHEAST,Y,0,0,0,1,0,0,0
14969902,2,MOTOR VEHICLE,N,N,TX,MLHPC4464E5100864,NA,RED,HONDA,NA,MOTORCYCLE,N,77503,1,PROOF OF LIABILITY INSURANCE,"MOTORCYCLE, SCOOTER, MOPED, ETC. ONLY",DAMAGED 1 MINIMUM,NA,NA,NA,NA,N,EMERGENCY PERFORMANCE,7413 NAVIGATION,NONE,NA,NA,WEST,Y,0,0,1,0,0,1,0
14983232,2,MOTOR VEHICLE,N,N,TX,1HD1EBL15LY115560,1990,MUL,HARLEY-DAVIDSON,NA,MOTORCYCLE,N,76522,1,PROOF OF LIABILITY INSURANCE,"MOTORCYCLE, SCOOTER, MOPED, ETC. ONLY",DAMAGED 1 MINIMUM,12,NA,NA,NA,N,MIDTEX PAINT AND BODY 254-547-0641,"906 W HWY 190, COPPERAS COVE, TX, 76522",NONE,NA,NA,EAST,Y,1,0,0,0,0,1,0
14888678,2,MOTOR VEHICLE,N,N,TX,JH2PC40078M101884,NA,SIL,HONDA,NA,MOTORCYCLE,N,97205,1,LIABILITY INSURANCE POLICY,FRONT END DAMAGE DISTRIBUTED IMPACT,DAMAGED 2,12,NA,NA,NA,N,AKERS WRECKER,"715 DALLAS DRIVE, DENTON, TX 76202",NONE,NA,NA,SOUTH,Y,0,1,0,0,0,1,0
14894536,2,MOTOR VEHICLE,N,N,TX,JYAVP27E0CA015297,NA,PLE,YAMAHA,UNKNOWN,MOTORCYCLE,N,76036,1,PROOF OF LIABILITY INSURANCE,"MOTORCYCLE, SCOOTER, MOPED, ETC. ONLY",DAMAGED 1 MINIMUM,NA,NA,NA,NA,Y,ACTION WRECKER,"400 DEPUTY MILLER DR, GRANBURY, TX",NONE,NA,NA,NORTH,Y,0,0,0,0,0,0,1
14977407,2,MOTOR VEHICLE,N,N,TX,1HD1BFV27DB052486,NA,RED,HARLEY-DAVIDSON,NA,MOTORCYCLE,N,77062,2,NA,BACK END DAMAGE DISTRIBUTED IMPACT,DAMAGED 1 MINIMUM,12,RIGHT SIDE DAMAGE ANGULAR IMPACT,DAMAGED 1 MINIMUM,3,N,DRIVER,PARKING LOT,NONE,NA,NA,NORTH,Y,0,0,1,0,0,1,0
14985204,3,MOTOR VEHICLE,Y,N,TX,RFVPAC201G1017362,NA,RED,NA,NA,MOTORCYCLE,N,78721,2,NA,NA,NA,NA,NA,NA,NA,,,,NONE,NA,NA,NORTH,N,0,0,0,0,0,0,0
15107598,2,MOTOR VEHICLE,N,N,TX,JS1VS52A642100742,2004,BLK,SUZUKI,NA,MOTORCYCLE,N,76513,1,PROOF OF LIABILITY INSURANCE,FRONT END DAMAGE CONCENTRATED IMPACT,DAMAGED 5,12,NA,NA,NA,N,BIG JOHNS,"1502 HOLLAND RD, BELTON, TX 76513",NONE,NA,NA,WEST,Y,0,0,0,0,0,0,1
15034103,1,MOTOR VEHICLE,N,N,TX,JS1VY51A012102563,2001,BLU,SUZUKI,UNKNOWN,MOTORCYCLE,N,75021,2,NA,"MOTORCYCLE, SCOOTER, MOPED, ETC. ONLY",DAMAGED 1 MINIMUM,9,NA,NA,NA,Y,CONTRACT WRECKER,GARLAND PD CITY POUND,SPEEDING - (OVERLIMIT),FLEEING OR EVADING POLICE,NA,NORTHWEST,Y,1,0,0,0,0,1,0
15111209,3,MOTOR VEHICLE,N,N,TX,JYARM06E4GA006673,NA,BLK,YAMAHA,UNKNOWN,MOTORCYCLE,N,77381,1,PROOF OF LIABILITY INSURANCE,"MOTORCYCLE, SCOOTER, MOPED, ETC. ONLY",DAMAGED 1 MINIMUM,3,NA,NA,NA,N,7 DUECES  281-893-9010,"11815 1/2 MISTY VALLEY, HOUSTON,TX 77066",NONE,NA,NA,SOUTH,Y,0,1,0,0,0,1,0
15055564,2,MOTOR VEHICLE,N,N,TX,1HD1BX5108Y071297,NA,BLK,HARLEY-DAVIDSON,NA,MOTORCYCLE,N,79124,1,LIABILITY INSURANCE POLICY,BACK END DAMAGE CONCENTRATED IMPACT,DAMAGED 3,6,DISTRIBUTED LEFT SIDE DAMAGE PARALLEL IMPACT,DAMAGED 3,9,N,MARTIN RODRIGUEZ,SEMINOLE AUTO SERVICE,NA,NA,FAILED TO SIGNAL OR GAVE WRONG SIGNAL,EAST,Y,0,1,0,0,0,1,0
15012693,1,MOTOR VEHICLE,N,N,TX,JS1NP41A772102498,2007,BLU,SUZUKI,UNKNOWN,MOTORCYCLE,N,78624,2,NA,"MOTORCYCLE, SCOOTER, MOPED, ETC. ONLY",DAMAGED 1 MINIMUM,NA,NA,NA,NA,Y,VIERUS AUTO (830)998-2520,"201 E. SAN ANTONIO, FREDERICKSBURG, TX.",UNSAFE SPEED,HAD BEEN DRINKING,NA,SOUTHWEST,Y,1,0,0,0,0,1,0
15024559,2,MOTOR VEHICLE,Y,N,TX,JYARN39E1FA000791,NA,RED,YAMAHA,UNKNOWN,MOTORCYCLE,N,77706,1,PROOF OF LIABILITY INSURANCE,FRONT END DAMAGE CONCENTRATED IMPACT,DAMAGED 1 MINIMUM,1,NA,NA,NA,N,DRIVER,DRIVEN AWAY,NONE,NA,NA,SOUTH,Y,0,0,0,0,0,0,0
14994620,2,MOTOR VEHICLE,N,N,TX,ZJTFRH00W0077893,1998,BLK,OTHER (EXPLAIN IN NARRATIVE),OTHER (EXPLAIN IN NARRATIVE),MOTORCYCLE,N,75205,2,NA,"MOTORCYCLE, SCOOTER, MOPED, ETC. ONLY",DAMAGED 1 MINIMUM,12,NA,NA,NA,N,,,NONE,NA,NA,WEST,Y,0,1,0,0,0,1,0
15134780,2,MOTOR VEHICLE,N,N,TX,1HD1BFV16EB025059,NA,BLK,HARLEY-DAVIDSON,UNKNOWN,MOTORCYCLE,N,34104,1,PROOF OF LIABILITY INSURANCE,"MOTORCYCLE, SCOOTER, MOPED, ETC. ONLY",DAMAGED 1 MINIMUM,6,NA,NA,NA,N,,,NA,NA,PARKED IN TRAFFIC LANE,EAST,Y,0,2,0,0,0,2,0
15083562,2,MOTOR VEHICLE,N,N,TX,JYAVP32E5DA002981,NA,BLU,YAMAHA,NA,MOTORCYCLE,N,75165,1,LIABILITY INSURANCE POLICY,FRONT END (LEFT) DAMAGE PARTIAL CONTACT,DAMAGED 2,9,NA,NA,NA,N,RP WRECKER,"2859A S. HWY 77, WAXAHACHIE, TX 75165",NONE,NA,NA,NORTH,Y,1,0,0,0,0,1,0
15019010,1,MOTOR VEHICLE,N,N,TX,JKAEXEE10CDA04110,NA,GRN,KAWASAKI,UNKNOWN,MOTORCYCLE,N,76302,1,PROOF OF LIABILITY INSURANCE,"MOTORCYCLE, SCOOTER, MOPED, ETC. ONLY",DAMAGED 1 MINIMUM,NA,NA,NA,NA,Y,BIG DADDY'S WRECKER 940-767-5555,"3101 ARMORY RD, WICHITA FALLS TX, 76302",UNDER INFLUENCE - ALCOHOL,NA,NA,NORTHEAST,Y,0,0,0,1,0,0,0
15561244,1,MOTOR VEHICLE,N,N,TX,1HD1CZ3178K432930,NA,ONG,HARLEY-DAVIDSON,UNKNOWN,MOTORCYCLE,N,75126,1,PROOF OF LIABILITY INSURANCE,FRONT END DAMAGE CONCENTRATED IMPACT,DAMAGED 5,12,NA,NA,NA,N,EDD'S TOWING,2500 BRENNAN AVE,HAD BEEN DRINKING,FAILED TO CONTROL SPEED,NA,NORTHEAST,Y,0,0,1,0,0,1,0
15129930,2,MOTOR VEHICLE,N,N,TX,1HD1BSY2XYY055504,2000,PLE,HARLEY-DAVIDSON,UNKNOWN,MOTORCYCLE,N,75069,1,PROOF OF LIABILITY INSURANCE,FRONT END DAMAGE DISTRIBUTED IMPACT,DAMAGED 3,9,NA,NA,NA,N,STANDIFIER GREEN,STANDIFIER GREEN,NONE,NA,NA,NORTH,Y,0,1,0,0,0,1,0
14993482,2,MOTOR VEHICLE,N,N,TX,1HD1BW519BB027707,NA,BLK,HARLEY-DAVIDSON,NA,MOTORCYCLE,N,78640,1,PROOF OF LIABILITY INSURANCE,"MOTORCYCLE, SCOOTER, MOPED, ETC. ONLY",DAMAGED 1 MINIMUM,4,NA,NA,NA,N,,,NONE,NA,NA,WEST,Y,0,0,0,1,0,0,0
15080612,1,MOTOR VEHICLE,N,N,TX,JH2PC2100PM400019,1993,BLK,HONDA,UNKNOWN,MOTORCYCLE,N,78612,1,PROOF OF LIABILITY INSURANCE,FRONT END DAMAGE DISTRIBUTED IMPACT,DAMAGED 6,12,NA,NA,NA,Y,FRIENDLY TOWING,"1122 HWY 304 BASTROP, TX 78602",DISREGARD STOP SIGN OR LIGHT,FAILED TO CONTROL SPEED,NA,SOUTHWEST,Y,1,0,0,0,0,1,0
15090012,1,MOTOR VEHICLE,N,N,TX,JS1GR7HA5Y2103855,2000,BLU,SUZUKI,NA,MOTORCYCLE,N,77840,1,PROOF OF LIABILITY INSURANCE,"MOTORCYCLE, SCOOTER, MOPED, ETC. ONLY",DAMAGED 1 MINIMUM,NA,NA,NA,NA,N,A-1 TOWING,"108 SAN JACINTO, BRYAN TX 77803",FAILED TO CONTROL SPEED,FAULTY EVASIVE ACTION,FOLLOWED TOO CLOSELY,WEST,Y,0,1,0,0,0,1,0
15097633,1,MOTOR VEHICLE,N,N,TX,1HD1GDV18YY326892,2000,BLK,HARLEY-DAVIDSON,UNKNOWN,MOTORCYCLE,N,76936,1,PROOF OF LIABILITY INSURANCE,RIGHT SIDE AND TOP DAMAGE ROLLOVER EFFECTS,DAMAGED 1 MINIMUM,3,NA,NA,NA,N,CARLOS GAMEZ 325-206-2418,"307 SAN JOSE SONORA, TX 76950",FAILED TO DRIVE IN SINGLE LANE,NA,NA,SOUTH,Y,0,1,0,0,0,1,0
15117524,2,MOTOR VEHICLE,N,N,TX,JYARJ04E0YA005758,2000,BLU,YAMAHA,UNKNOWN,MOTORCYCLE,N,79412,1,PROOF OF LIABILITY INSURANCE,"MOTORCYCLE, SCOOTER, MOPED, ETC. ONLY",DAMAGED 1 MINIMUM,NA,"MOTORCYCLE, SCOOTER, MOPED, ETC. ONLY",DAMAGED 1 MINIMUM,NA,N,LUBBOCK WRECKER,LUBBOCK WRECKER  3209 SLATON HWY   806-7,FAILED TO CONTROL SPEED,NA,NA,WEST,Y,0,1,0,0,0,1,0
14504626,2,MOTOR VEHICLE,N,N,TX,JS1GT76A452103913,2005,MUL,SUZUKI,NA,MOTORCYCLE,N,79938,1,PROOF OF LIABILITY INSURANCE,FRONT END DAMAGE DISTRIBUTED IMPACT,DAMAGED 6,12,DISTRIBUTED LEFT SIDE DAMAGE PARALLEL IMPACT,DAMAGED 2,9,N,AD WRECKER,AD WRECKER,NONE,NA,NA,EAST,Y,0,0,1,0,0,1,0
15041118,2,MOTOR VEHICLE,N,N,TX,1HD1GHL10WY319684,1998,BLU,HARLEY-DAVIDSON,NA,MOTORCYCLE,N,77662,1,PROOF OF LIABILITY INSURANCE,FRONT END DAMAGE DISTRIBUTED IMPACT,DAMAGED 3,12,NA,NA,NA,N,RAY'S,240 W FREEWAY   769-5175,NONE,NA,NA,WEST,Y,1,0,0,0,0,1,0
14991859,3,MOTOR VEHICLE,N,N,TX,1HD4LE219DC442483,NA,BLK,HARLEY-DAVIDSON,UNKNOWN,MOTORCYCLE,N,77057,1,PROOF OF LIABILITY INSURANCE,"MOTORCYCLE, SCOOTER, MOPED, ETC. ONLY",DAMAGED 1 MINIMUM,NA,NA,NA,NA,Y,SARAH INVESTMENTS,4004 ARC,NONE,NA,NA,WEST,N,1,0,0,0,0,1,0
15115258,1,MOTOR VEHICLE,N,N,TX,1HD1GV1166K316549,2006,PLE,HARLEY-DAVIDSON,UNKNOWN,MOTORCYCLE,N,76133,1,PROOF OF LIABILITY INSURANCE,DISTRIBUTED RIGHT SIDE DAMAGE PARALLEL IMPACT,DAMAGED 2,1,NA,NA,NA,N,POLANSKYS WRECKER 800-246-3762,"820 ABBOTT AVE HILLSBORO,TX 76645",UNSAFE SPEED,UNDER INFLUENCE - ALCOHOL,NA,SOUTHEAST,Y,0,0,0,1,0,0,0
15096722,2,MOTOR VEHICLE,N,N,TX,1HD1KBM14EB627291,NA,BLU,HARLEY-DAVIDSON,UNKNOWN,MOTORCYCLE,N,77021,1,LIABILITY INSURANCE POLICY,"MOTORCYCLE, SCOOTER, MOPED, ETC. ONLY",DAMAGED 1 MINIMUM,NA,NA,NA,NA,N,ALLIED COLLISION,9520 S KIRKWOOD,NONE,NA,NA,WEST,Y,1,0,0,0,0,1,0
14990040,2,MOTOR VEHICLE,N,N,TX,1HD4CR217EC433497,NA,BLK,HARLEY-DAVIDSON,UNKNOWN,MOTORCYCLE,N,79072,1,PROOF OF LIABILITY INSURANCE,LEFT SIDE DAMAGE ANGULAR IMPACT,DAMAGED 1 MINIMUM,8,NA,NA,NA,N,,,NONE,NA,NA,EAST,Y,0,0,0,2,0,0,0
15067527,1,MOTOR VEHICLE,N,N,TX,JYA5AHE045A044980,2005,BLU,YAMAHA,NA,MOTORCYCLE,N,79936,2,NA,"MOTORCYCLE, SCOOTER, MOPED, ETC. ONLY",DAMAGED 1 MINIMUM,3,"MOTORCYCLE, SCOOTER, MOPED, ETC. ONLY",DAMAGED 1 MINIMUM,9,N,DRIVER,LEFT LEGALLY PARKED,NONE,NA,NA,WEST,Y,0,1,0,0,0,1,0
15112897,2,MOTOR VEHICLE,N,N,TX,1HD1KRM19FB626051,NA,BLK,HARLEY-DAVIDSON,NA,MOTORCYCLE,N,79912,2,NA,FRONT END DAMAGE DISTRIBUTED IMPACT,DAMAGED 6,12,NA,NA,NA,N,QD TOWING,11615 RAILROAD,NONE,NA,NA,SOUTH,Y,0,2,0,0,0,2,0
15046786,2,MOTOR VEHICLE,N,N,TX,4MZJX03DX63602177,2006,BLK,BUELL,NA,MOTORCYCLE,N,77007,1,PROOF OF LIABILITY INSURANCE,"MOTORCYCLE, SCOOTER, MOPED, ETC. ONLY",DAMAGED 1 MINIMUM,NA,NA,NA,NA,N,ELITE COLLISION #807,1733 ENNIS  713.523.3338,NONE,NA,NA,EAST,Y,0,0,1,0,0,1,0
15034589,2,MOTOR VEHICLE,N,N,TX,1HFSC18071A502483,2001,BLK,HONDA,NA,MOTORCYCLE,N,75126,1,PROOF OF LIABILITY INSURANCE,"MOTORCYCLE, SCOOTER, MOPED, ETC. ONLY",DAMAGED 1 MINIMUM,NA,NA,NA,NA,Y,EASTLAKE WRECKER,"306 E BROAD, FORNEY, TX 75126",NONE,NA,NA,NORTH,Y,1,0,0,0,0,1,0
15026408,1,MOTOR VEHICLE,N,N,TX,JKAZX4R179A013612,NA,GRN,KAWASAKI,NA,MOTORCYCLE,N,75042,3,LIABILITY INSURANCE POLICY,FRONT END DAMAGE DISTRIBUTED IMPACT,DAMAGED 3,12,RIGHT SIDE DAMAGE ANGULAR IMPACT,DAMAGED 2,3,Y,CONTRACT WRECKER,"1955 VILBIG, DALLAS, TEXAS",FOLLOWED TOO CLOSELY,NA,NA,EAST,Y,0,0,1,0,0,1,0
15110581,1,MOTOR VEHICLE,N,N,TX,,2000,GRN,HARLEY-DAVIDSON,UNKNOWN,MOTORCYCLE,N,76513,1,LIABILITY INSURANCE POLICY,"MOTORCYCLE, SCOOTER, MOPED, ETC. ONLY",DAMAGED 1 MINIMUM,NA,NA,NA,NA,N,LOOP 121 TOWING,LOOP 121 TOWING,FAILED TO YIELD ROW - EMERGENCY VEHICLE,OTHER (EXPLAIN IN NARRATIVE),NA,EAST,Y,0,1,0,0,0,1,0
15028553,1,MOTOR VEHICLE,N,N,TX,MLCCH41A1E1600826,NA,SIL,SUZUKI,NA,MOTORCYCLE,N,79938,1,LIABILITY INSURANCE POLICY,FRONT END DAMAGE CONCENTRATED IMPACT,DAMAGED 1 MINIMUM,12,FRONT END (RIGHT)  DAMAGE PARTIAL CONTACT,DAMAGED 2,1,Y,SOHLE,11615 RAILROAD,WRONG WAY - ONE WAY ROAD,NA,NA,SOUTH,Y,0,1,0,0,0,1,0
15044196,2,MOTOR VEHICLE,N,N,TX,1HD1TEN13EB961471,NA,SIL,HARLEY-DAVIDSON,UNKNOWN,MOTORCYCLE,N,75022,1,PROOF OF LIABILITY INSURANCE,"MOTORCYCLE, SCOOTER, MOPED, ETC. ONLY",DAMAGED 1 MINIMUM,NA,NA,NA,NA,Y,MITCHEM WRECKER SERVICE,"5715 W. IH 20 BIG SPRING, TX 79720",NONE,NA,NA,NORTH,Y,1,0,0,0,0,1,0
15040954,2,MOTOR VEHICLE,N,N,TX,JYAVP33E8BA000394,NA,MAR,YAMAHA,UNKNOWN,MOTORCYCLE,N,78417,1,PROOF OF LIABILITY INSURANCE,"MOTORCYCLE, SCOOTER, MOPED, ETC. ONLY",DAMAGED 1 MINIMUM,12,NA,NA,NA,N,ERIKA'S WRECKER,2528 HOLLY RD,NONE,NA,NA,WEST,Y,0,0,0,0,0,0,1
15043779,2,MOTOR VEHICLE,N,N,TX,JKAEXEE19GDA21266,NA,GRN,KAWASAKI,NA,MOTORCYCLE,N,77345,1,PROOF OF LIABILITY INSURANCE,RIGHT SIDE AND TOP DAMAGE ROLLOVER EFFECTS,DAMAGED 4,NA,FRONT END DAMAGE DISTRIBUTED IMPACT,DAMAGED 3,NA,Y,ANGEL WRECKER SERVICE,11360 EASTEX FRWY,NONE,NA,NA,NORTH,N,1,0,0,0,0,1,0
15079182,1,MOTOR VEHICLE,N,N,TX,JKAVN2C197A005722,2007,BLK,KAWASAKI,UNKNOWN,MOTORCYCLE,N,90024,1,LIABILITY INSURANCE POLICY,DISTRIBUTED RIGHT SIDE DAMAGE PARALLEL IMPACT,DAMAGED 2,6,NA,NA,NA,N,TOWED BY 3RD PARTY,,DRIVER INATTENTION,FAILED TO CONTROL SPEED,NA,NORTHWEST,Y,0,1,0,0,0,1,0
15113624,1,MOTOR VEHICLE,N,N,TX,JKAZXCC1X4A015768,2004,BLK,KAWASAKI,UNKNOWN,MOTORCYCLE,N,78703,1,PROOF OF LIABILITY INSURANCE,"MOTORCYCLE, SCOOTER, MOPED, ETC. ONLY",DAMAGED 1 MINIMUM,NA,NA,NA,NA,Y,,,UNSAFE SPEED,DRIVER INATTENTION,NA,EAST,Y,0,1,0,0,0,1,0
15127240,1,MOTOR VEHICLE,N,N,TX,JYAVP07E71A004962,2001,ONG,YAMAHA,UNKNOWN,MOTORCYCLE,N,75146,2,NA,FRONT END DAMAGE CONCENTRATED IMPACT,DAMAGED 1 MINIMUM,12,NA,NA,NA,Y,J&N WRECKER SERVICE,"1319 BROOKSIDE, GLENN HEIGHTS, TX 75154",DRIVER INATTENTION,FOLLOWED TOO CLOSELY,NA,WEST,Y,0,0,1,0,0,1,0
15037132,1,MOTOR VEHICLE,N,N,TX,JKAEXEE19GDA20974,NA,RED,KAWASAKI,NA,MOTORCYCLE,N,75243,1,PROOF OF LIABILITY INSURANCE,"MOTORCYCLE, SCOOTER, MOPED, ETC. ONLY",DAMAGED 1 MINIMUM,NA,NA,NA,NA,Y,JORDAN TOWING,"601 DIGITAL, PLANO, TX 75075",UNSAFE SPEED,NA,NA,NORTHWEST,Y,1,0,0,0,0,1,0
15010908,2,MOTOR VEHICLE,N,N,TX,1HD1BX51X9Y028359,NA,SIL,HARLEY-DAVIDSON,UNKNOWN,MOTORCYCLE,N,75650,1,PROOF OF LIABILITY INSURANCE,BACK END DAMAGE DISTRIBUTED IMPACT,DAMAGED 1 MINIMUM,6,NA,NA,NA,N,PRIVATE VEHICLE,OWNERS RESIDENCE,NONE,NA,NA,EAST,Y,0,1,0,0,0,1,0
15069514,1,MOTOR VEHICLE,N,N,TX,4MZKP13CX23500812,2002,BLK,BUELL,NA,MOTORCYCLE,N,78254,2,NA,FRONT END DAMAGE DISTRIBUTED IMPACT,DAMAGED 5,12,NA,NA,NA,N,TEXAS TOWING,GROWDON POUND,UNDER INFLUENCE - ALCOHOL,NA,OVERTAKE AND PASS INSUFFICIENT CLEARANCE,NORTH,Y,1,0,0,0,0,1,0
15018769,2,MOTOR VEHICLE,N,N,TX,1HD1BMY4X3Y044184,2003,SIL,HARLEY-DAVIDSON,NA,MOTORCYCLE,N,77502,1,PROOF OF LIABILITY INSURANCE,FRONT END (LEFT) DAMAGE PARTIAL CONTACT,DAMAGED 1 MINIMUM,11,DISTRIBUTED LEFT SIDE DAMAGE PARALLEL IMPACT,DAMAGED 1 MINIMUM,9,N,,,NONE,NA,NA,WEST,Y,0,1,0,0,0,1,0
15028018,2,MOTOR VEHICLE,N,N,TX,MLHNC5216F5102380,NA,RED,HONDA,NA,MOTORCYCLE,N,77095,2,NA,DISTRIBUTED RIGHT SIDE DAMAGE PARALLEL IMPACT,DAMAGED 2,3,FRONT END DAMAGE CONCENTRATED IMPACT,NO DAMAGE,12,N,NORTHWAY WRECKER CHIP #891,7938 WRIGHT RD. #B,NONE,NA,NA,NORTH,Y,0,0,0,1,0,0,0
15000322,2,MOTOR VEHICLE,N,N,TX,1HD1GX4137K309678,2007,BLK,HARLEY-DAVIDSON,NA,MOTORCYCLE,N,79101,1,PROOF OF LIABILITY INSURANCE,FRONT END DAMAGE DISTRIBUTED IMPACT,DAMAGED 4,12,NA,NA,NA,N,COMPETITION TOWING,"8409 I40 E, AMA, TX 79118 373-5858",NONE,NA,NA,SOUTHWEST,Y,0,0,1,0,0,1,0
15029878,2,MOTOR VEHICLE,Y,N,TX,JH2SC5152DK100092,NA,BLK,HONDA,NA,MOTORCYCLE,N,78613,1,LIABILITY INSURANCE POLICY,"MOTORCYCLE, SCOOTER, MOPED, ETC. ONLY",DAMAGED 1 MINIMUM,6,NA,NA,NA,N,LAKESIDE TOWING (512)259-6620,"911 QUEST PARKWAY, CEDAR PARK, TX 78613",NONE,NA,NA,SOUTHEAST,Y,0,0,0,0,0,0,0