CRASH_ID,UNIT_NBR,UNIT_DESC_ID,VEH_PARKED_FL,VEH_HNR_FL,VEH_LIC_STATE_ID,VIN,VEH_MOD_YEAR,VEH_COLOR_ID,VEH_MAKE_ID,VEH_MOD_ID,VEH_BODY_STYL_ID,EMER_RESPNDR_FL,OWNR_ZIP,FIN_RESP_PROOF_ID,FIN_RESP_TYPE_ID,VEH_DMAG_AREA_1_ID,VEH_DMAG_SCL_1_ID,FORCE_DIR_1_ID,VEH_DMAG_AREA_2_ID,VEH_DMAG_SCL_2_ID,FORCE_DIR_2_ID,VEH_INVENTORIED_FL,VEH_TRANSP_NAME,VEH_TRANSP_DEST,CONTRIB_FACTR_1_ID,CONTRIB_FACTR_2_ID,CONTRIB_FACTR_P1_ID,VEH_TRVL_DIR_ID,FIRST_HARM_EVT_INV_ID,INCAP_INJRY_CNT,NONINCAP_INJRY_CNT,POSS_INJRY_CNT,NON_INJRY_CNT,UNKN_INJRY_CNT,TOT_INJRY_CNT,DEATH_CNT
15002799,1,MOTOR VEHICLE,N,N,TX,1HD1FC4167Y637010,2007,MAR,HARLEY-DAVIDSON,UNKNOWN,MOTORCYCLE,N,78666,1,PROOF OF LIABILITY INSURANCE,"MOTORCYCLE, SCOOTER, MOPED, ETC. ONLY",DAMAGED 1 MINIMUM,12,NA,NA,NA,Y,AUS-TEX AUTO ENTERPRISES LLC,OWNERS RESIDENCE/REQUEST,NA,NA,FAULTY EVASIVE ACTION,SOUTHWEST,Y,0,1,0,0,0,1,0
15081679,1,MOTOR VEHICLE,N,N,TX,JS1GN7DA172109118,2007,BLK,SUZUKI,NA,MOTORCYCLE,N,78046,1,LIABILITY INSURANCE POLICY,DISTRIBUTED LEFT SIDE DAMAGE PARALLEL IMPACT,DAMAGED 4,10,DISTRIBUTED RIGHT SIDE DAMAGE PARALLEL IMPACT,DAMAGED 4,2,N,CITY TOWING,1205 N JARVIS,FAILED TO CONTROL SPEED,NA,NA,NORTH,Y,0,1,0,0,0,1,0
15069994,2,MOTOR VEHICLE,N,N,TX,1HD1JDV18EB038080,NA,BLK,HARLEY-DAVIDSON,NA,MOTORCYCLE,N,76009,1,LIABILITY INSURANCE POLICY,"MOTORCYCLE, SCOOTER, MOPED, ETC. ONLY",DAMAGED 1 MINIMUM,NA,NA,NA,NA,N,B&W WRECKER,"1960 S BURLESON BLVD, BURLESON, TX",NONE,NA,NA,EAST,Y,1,0,0,0,0,1,0
14998053,4,MOTOR VEHICLE,Y,N,TX,JH2PC40099K200011,NA,BLK,HONDA,UNKNOWN,MOTORCYCLE,N,78758,1,LIABILITY INSURANCE POLICY,"MOTORCYCLE, SCOOTER, MOPED, ETC. ONLY",DAMAGED 1 MINIMUM,12,NA,NA,NA,,,,NONE,NA,NA,SOUTHWEST,N,0,0,0,0,0,0,0
15010908,1,MOTOR VEHICLE,N,N,TX,1HD1JD5307Y077926,2007,WHI,HARLEY-DAVIDSON,UNKNOWN,MOTORCYCLE,N,75650,1,PROOF OF LIABILITY INSURANCE,RIGHT SIDE DAMAGE ANGULAR IMPACT,DAMAGED 2,3,NA,NA,NA,N,PRIVATE VEHICLE,OWNERS RESIDENCE,FAILED TO CONTROL SPEED,NA,NA,EAST,Y,0,1,0,0,0,1,0
15022698,1,MOTOR VEHICLE,N,N,TX,JYARN17E5DA009093,NA,BLK,YAMAHA,UNKNOWN,MOTORCYCLE,N,77007,1,PROOF OF LIABILITY INSURANCE,"MOTORCYCLE, SCOOTER, MOPED, ETC. ONLY",DAMAGED 1 MINIMUM,NA,NA,NA,NA,Y,CFM TOWING,"1104 S FRAZIER CONROE, TX 77301",UNSAFE SPEED,UNDER INFLUENCE - ALCOHOL,UNDER INFLUENCE - DRUG,NORTHWEST,Y,0,1,0,0,0,1,0
15091555,2,MOTOR VEHICLE,N,N,TX,MLHPC4414D5002937,NA,RED,HONDA,NA,MOTORCYCLE,N,75460,1,PROOF OF LIABILITY INSURANCE,BACK END DAMAGE DISTRIBUTED IMPACT,DAMAGED 1 MINIMUM,6,NA,NA,NA,N,,,NONE,NA,NA,EAST,Y,0,0,0,1,0,0,0
15013376,2,MOTOR VEHICLE,N,N,TX,1HD1FDV1X3Y725198,2003,BLK,HARLEY-DAVIDSON,UNKNOWN,MOTORCYCLE,N,77378,1,PROOF OF LIABILITY INSURANCE,FRONT END (LEFT) DAMAGE PARTIAL CONTACT,DAMAGED 1 MINIMUM,10,NA,NA,NA,N,DRIVER,DROVE AWAY,NONE,NA,NA,NORTH,Y,0,0,0,1,0,0,0
15071287,2,MOTOR VEHICLE,N,N,TX,JH2RC5346EK700022,NA,BLU,HONDA,UNKNOWN,MOTORCYCLE,N,77845,1,PROOF OF LIABILITY INSURANCE,LEFT SIDE DAMAGE ANGULAR IMPACT,DAMAGED 2,12,NA,NA,NA,N,EXCEL,"1804 FINFEATHER, BRYAN",NONE,NA,NA,SOUTH,Y,1,0,0,0,0,1,0
15077202,1,MOTOR VEHICLE,N,N,TX,JKAZX4P157A023457,2007,RED,KAWASAKI,UNKNOWN,MOTORCYCLE,N,75232,1,LIABILITY INSURANCE POLICY,FRONT END DAMAGE DISTRIBUTED IMPACT,DAMAGED 3,12,NA,NA,NA,N,24 HOUR WRECKER SERVICE,24 HR WRECKER,DRIVER INATTENTION,FOLLOWED TOO CLOSELY,NA,WEST,Y,0,0,0,0,1,0,0
15038126,2,MOTOR VEHICLE,N,N,TX,1HD1KRM16EB667896,NA,BLK,HARLEY-DAVIDSON,UNKNOWN,MOTORCYCLE,N,76065,1,PROOF OF LIABILITY INSURANCE,FRONT END DAMAGE DISTRIBUTED IMPACT,DAMAGED 3,12,BACK END DAMAGE DISTRIBUTED IMPACT,DAMAGED 3,6,Y,BEARDS TOWING,"5033 SUN VALLEY DR. FORT WORTH,TX 76119",NONE,NA,NA,NORTHEAST,Y,0,0,1,0,0,1,0
15013502,2,MOTOR VEHICLE,N,N,LA,1HD1GX418CC319353,NA,BLK,HARLEY-DAVIDSON,NA,MOTORCYCLE,N,76179,1,LIABILITY INSURANCE POLICY,BACK END (LEFT) DAMAGE PARTIAL CONTACT,DAMAGED 1 MINIMUM,6,RIGHT FRONT QUARTER DAMAGE ANGULAR IMPACT,DAMAGED 1 MINIMUM,3,N,LONESTAR TOWING,636 GRANITE RIDGE DR. FW TX 76179,NONE,NA,NA,WEST,Y,0,0,0,1,0,0,0
15010880,2,MOTOR VEHICLE,N,N,TX,1HD1FFW163Y629448,2003,BLK,HARLEY-DAVIDSON,UNKNOWN,MOTORCYCLE,N,77371,2,NA,"MOTORCYCLE, SCOOTER, MOPED, ETC. ONLY",DAMAGED 1 MINIMUM,NA,NA,NA,NA,Y,KEN'S TOWING  936-327-4338,"1806 N. WASHINGTON, LIVINGSTON TX 77351",NONE,NA,NA,NORTH,Y,0,1,0,0,0,1,0
15093500,4,MOTOR VEHICLE,Y,N,TX,JYAVM01Y01A005432,2001,BLK,YAMAHA,NA,MOTORCYCLE,N,79107,2,NA,RIGHT FRONT QUARTER DAMAGE ANGULAR IMPACT,DAMAGED 5,4,DISTRIBUTED LEFT SIDE DAMAGE PARALLEL IMPACT,DAMAGED 5,4,N,,,NONE,NA,NA,EAST,N,0,0,0,0,0,0,0
15040449,2,MOTOR VEHICLE,N,N,TX,1HD1BXB1X2Y034737,2002,BLK,HARLEY-DAVIDSON,UNKNOWN,MOTORCYCLE,N,79756,2,NA,NA,NA,NA,NA,NA,NA,N,OWNER,OWNER,NONE,NA,NA,SOUTHWEST,Y,0,0,0,1,0,0,0
15017363,2,MOTOR VEHICLE,N,N,TX,SMT910K19FT681181,NA,BLK,NA,NA,MOTORCYCLE,N,79934,1,PROOF OF LIABILITY INSURANCE,BACK END DAMAGE CONCENTRATED IMPACT,DAMAGED 2,6,NA,NA,NA,N,PRIVATE WRECKER,AT OWNER'S REQUEST,NONE,NA,NA,SOUTHEAST,Y,0,0,0,1,0,0,0
15180099,2,MOTOR VEHICLE,N,N,TX,SMT920K14ET655387,NA,BLK,HONDA,UNKNOWN,MOTORCYCLE,N,77550,1,LIABILITY INSURANCE POLICY,FRONT END (RIGHT)  DAMAGE PARTIAL CONTACT,DAMAGED 3,1,NA,NA,NA,N,PERMIT #10,520 44TH STREET,NONE,NA,NA,WEST,Y,0,1,0,0,0,1,0
15114044,1,MOTOR VEHICLE,N,N,TX,JH2RC44503M705011,2003,RED,HONDA,UNKNOWN,MOTORCYCLE,N,76904,1,LIABILITY INSURANCE POLICY,FRONT END DAMAGE DISTRIBUTED IMPACT,DAMAGED 2,12,NA,NA,NA,,,,FAILED TO CONTROL SPEED,NA,NA,SOUTH,Y,0,0,0,1,0,0,0
14992005,1,MOTOR VEHICLE,N,N,TX,JYAVP17E75A012135,2005,BLK,YAMAHA,UNKNOWN,MOTORCYCLE,N,75035,1,PROOF OF LIABILITY INSURANCE,BACK END (LEFT) DAMAGE PARTIAL CONTACT,DAMAGED 1 MINIMUM,7,NA,NA,NA,N,DRIVEN OFF BY OWNER,,DRIVER INATTENTION,OTHER (EXPLAIN IN NARRATIVE),NA,NORTHWEST,Y,0,0,0,1,0,0,0
15017875,1,MOTOR VEHICLE,N,N,TX,JYARN20E27A008732,2000,BLK,YAMAHA,NA,MOTORCYCLE,N,77027,1,PROOF OF LIABILITY INSURANCE,"MOTORCYCLE, SCOOTER, MOPED, ETC. ONLY",DAMAGED 1 MINIMUM,NA,NA,NA,NA,N,,LEFT LEGALLY PARKED AT 1800 ASHLAND,NONE,NA,NA,EAST,Y,0,0,1,0,0,1,0
15052485,1,MOTOR VEHICLE,N,N,TX,SMT900K1XET621217,NA,BLK,NA,NA,MOTORCYCLE,N,77339,1,LIABILITY INSURANCE POLICY,"MOTORCYCLE, SCOOTER, MOPED, ETC. ONLY",DAMAGED 1 MINIMUM,NA,NA,NA,NA,N,HUMBLE TOWING,16711 EASTEX,NONE,NA,NA,SOUTH,Y,0,0,1,0,0,1,0
14998613,1,MOTOR VEHICLE,N,N,TX,JS1GT77A772100750,2007,BLU,SUZUKI,NA,MOTORCYCLE,N,75061,2,NA,DISTRIBUTED LEFT SIDE DAMAGE PARALLEL IMPACT,DAMAGED 6,9,NA,NA,NA,N,PRO TOW,"DENTON, TX",FLEEING OR EVADING POLICE,UNSAFE SPEED,UNDER INFLUENCE - DRUG,SOUTH,Y,0,1,0,0,0,1,0
15125163,1,MOTOR VEHICLE,N,N,TX,JKAEXMJ11CDAB0770,NA,RED,KAWASAKI,UNKNOWN,MOTORCYCLE,N,78372,2,NA,FRONT END DAMAGE CONCENTRATED IMPACT,DAMAGED 1 MINIMUM,12,DISTRIBUTED LEFT SIDE DAMAGE PARALLEL IMPACT,DAMAGED 3,9,N,DANNY'S WRECKER,915 CECILIA STREET,FAILED TO YIELD ROW - STOP SIGN,NA,NA,WEST,Y,0,0,0,1,0,0,0
15080682,2,MOTOR VEHICLE,N,N,TX,JYAVM01E24A062404,2004,BLU,YAMAHA,UNKNOWN,MOTORCYCLE,N,75082,1,PROOF OF LIABILITY INSURANCE,"MOTORCYCLE, SCOOTER, MOPED, ETC. ONLY",DAMAGED 1 MINIMUM,1,NA,NA,NA,N,,,NONE,NA,NA,EAST,Y,0,1,0,0,0,1,0
15140900,1,MOTOR VEHICLE,N,N,TX,JKBVNCB12TA037117,1996,RED,KAWASAKI,NA,MOTORCYCLE,N,75146,1,PROOF OF LIABILITY INSURANCE,LEFT SIDE DAMAGE ANGULAR IMPACT,DAMAGED 2,9,NA,NA,NA,N,,,FAILED TO DRIVE IN SINGLE LANE,FAULTY EVASIVE ACTION,NA,SOUTH,Y,1,0,0,0,0,1,0
15015644,1,MOTOR VEHICLE,N,N,TX,JYAVP17E07A024775,2007,RED,YAMAHA,UNKNOWN,MOTORCYCLE,N,75672,1,PROOF OF LIABILITY INSURANCE,DISTRIBUTED RIGHT SIDE DAMAGE PARALLEL IMPACT,DAMAGED 3,1,NA,NA,NA,N,RELEASED AT SCENE,,OTHER (EXPLAIN IN NARRATIVE),NA,NA,SOUTHWEST,Y,0,0,0,1,0,0,0
15050662,2,MOTOR VEHICLE,N,N,OK,1HD1CT316FC419865,NA,ONG,HARLEY-DAVIDSON,NA,MOTORCYCLE,N,79413,1,LIABILITY INSURANCE POLICY,"MOTORCYCLE, SCOOTER, MOPED, ETC. ONLY",DAMAGED 1 MINIMUM,6,NA,NA,NA,N,LUBBOCK WRECKER,LUBBOCK WRECKER  3209 SLATON HWY   806-7,NONE,NA,NA,WEST,Y,0,1,0,0,0,1,0
15051763,2,MOTOR VEHICLE,N,N,TX,JKAEXEE16GDA21497,NA,GRY,KAWASAKI,NA,MOTORCYCLE,N,78405,2,NA,"MOTORCYCLE, SCOOTER, MOPED, ETC. ONLY",DAMAGED 1 MINIMUM,3,NA,NA,NA,Y,ACE-1 WRECKER,IMPOUND,NONE,NA,NA,NORTH,Y,0,1,0,0,0,1,0
15010403,2,MOTOR VEHICLE,N,N,TX,JKBVNMA164A003982,2004,BLU,KAWASAKI,NA,MOTORCYCLE,N,79912,1,PROOF OF LIABILITY INSURANCE,FRONT END DAMAGE DISTRIBUTED IMPACT,DAMAGED 3,NA,DISTRIBUTED LEFT SIDE DAMAGE PARALLEL IMPACT,DAMAGED 2,NA,Y,AD TOWING,DRIVERS REQUEST,FAULTY EVASIVE ACTION,NA,NA,NORTH,Y,0,1,0,0,0,1,0
15070323,1,MOTOR VEHICLE,N,N,TX,1HD1HFH468K804101,NA,BLK,HONDA,UNKNOWN,MOTORCYCLE,N,76001,1,LIABILITY INSURANCE POLICY,"MOTORCYCLE, SCOOTER, MOPED, ETC. ONLY",DAMAGED 1 MINIMUM,NA,NA,NA,NA,N,,,FAILED TO CONTROL SPEED,UNDER INFLUENCE - ALCOHOL,NA,SOUTH,Y,0,1,0,0,0,1,0
15035829,2,MOTOR VEHICLE,N,N,TX,1HD1LF322CC424454,NA,BLK,HARLEY-DAVIDSON,UNKNOWN,MOTORCYCLE,N,77706,1,PROOF OF LIABILITY INSURANCE,BACK END DAMAGE DISTRIBUTED IMPACT,DAMAGED 3,6,RIGHT SIDE DAMAGE ANGULAR IMPACT,DAMAGED 3,3,N,DOUG'S,WRECKER LOT,NONE,NA,NA,SOUTH,Y,0,1,0,0,0,1,0
15072109,1,MOTOR VEHICLE,N,N,TX,JS1GR7HA412105909,2001,BLK,SUZUKI,UNKNOWN,MOTORCYCLE,N,77048,1,PROOF OF LIABILITY INSURANCE,DISTRIBUTED LEFT SIDE DAMAGE PARALLEL IMPACT,DAMAGED 2,9,DISTRIBUTED RIGHT SIDE DAMAGE PARALLEL IMPACT,DAMAGED 1 MINIMUM,3,N,WILLIAM WHITE,"5326 TAVENOR LN HOUSTON, TX 77048",UNSAFE SPEED,NA,NA,WEST,Y,0,1,0,0,0,1,0
15006935,2,MOTOR VEHICLE,N,N,TX,JYASG18Y86A001092,2006,BLK,YAMAHA,NA,MOTORCYCLE,N,78704,1,LIABILITY INSURANCE POLICY,BACK END DAMAGE DISTRIBUTED IMPACT,DAMAGED 3,NA,NA,NA,NA,,,,NONE,NA,NA,SOUTH,Y,0,0,0,1,0,0,0
15080148,1,MOTOR VEHICLE,N,N,TX,1HD1MAM16AB854075,NA,BLU,HARLEY-DAVIDSON,NA,MOTORCYCLE,N,78558,1,PROOF OF LIABILITY INSURANCE,"MOTORCYCLE, SCOOTER, MOPED, ETC. ONLY",DAMAGED 1 MINIMUM,11,NA,NA,NA,Y,A&A AUTO & WRECKER SERVICES,"8025 SH 107 EDINBURG, TX 78542",FAILED TO DRIVE IN SINGLE LANE,NA,HAD BEEN DRINKING,WEST,Y,0,1,0,0,0,1,0
14991031,1,MOTOR VEHICLE,N,N,TX,JYAVP02E5YA005612,2000,BLK,YAMAHA,NA,MOTORCYCLE,N,76033,2,NA,DISTRIBUTED LEFT SIDE DAMAGE PARALLEL IMPACT,DAMAGED 1 MINIMUM,9,FRONT END DAMAGE CONCENTRATED IMPACT,DAMAGED 1 MINIMUM,12,N,,,FOLLOWED TOO CLOSELY,NA,NA,EAST,Y,0,0,0,1,0,0,0
15098052,2,MOTOR VEHICLE,N,N,TX,1A9HSWHD26N428188,2006,GRN,UNKNOWN,UNKNOWN,MOTORCYCLE,N,78758,2,NA,LEFT FRONT QUARTER DAMAGE ANGULAR IMPACT,DAMAGED 2,9,NA,NA,NA,Y,MERINOS TOWING,MERINOS TOWING,NONE,NA,NA,EAST,Y,0,0,1,0,0,1,0
15013972,2,MOTOR VEHICLE,N,N,TX,JS1SK43A972100993,2007,GRN,SUZUKI,NA,MOTORCYCLE,N,79605,1,LIABILITY INSURANCE POLICY,"MOTORCYCLE, SCOOTER, MOPED, ETC. ONLY",DAMAGED 1 MINIMUM,NA,NA,NA,NA,N,ABILENE WRECKER,5201 N 1ST,NONE,NA,NA,SOUTHWEST,Y,1,1,0,0,0,2,0
15109888,2,MOTOR VEHICLE,N,N,TX,JYARN39EXFA000725,NA,MUL,YAMAHA,NA,MOTORCYCLE,N,78229,1,LIABILITY INSURANCE POLICY,FRONT END DAMAGE CONCENTRATED IMPACT,DAMAGED 3,12,NA,NA,NA,N,RICHARDS TOWING,CITY VEHICLE POUND,FOLLOWED TOO CLOSELY,CHANGED LANE WHEN UNSAFE,DRIVER INATTENTION,EAST,Y,0,0,1,0,0,1,0
15005473,2,MOTOR VEHICLE,N,N,TX,JS1VY56A2D2100584,NA,BLK,SUZUKI,NA,MOTORCYCLE,N,78108,1,PROOF OF LIABILITY INSURANCE,FRONT END DAMAGE CONCENTRATED IMPACT,DAMAGED 4,12,NA,NA,NA,Y,JOHNNY'S WRECKER SERVICE,"315 PAT BOOKER ROAD, UNIVERSAL CITY, TX",NA,NA,UNDER INFLUENCE - ALCOHOL,SOUTH,N,0,0,0,0,0,0,1
15091669,2,MOTOR VEHICLE,N,N,TX,JS1GN79A7W2102410,1998,RED,SUZUKI,NA,MOTORCYCLE,N,77040,2,NA,BACK END DAMAGE DISTRIBUTED IMPACT,DAMAGED 1 MINIMUM,6,DISTRIBUTED RIGHT SIDE DAMAGE PARALLEL IMPACT,DAMAGED 2,3,Y,RS TOWING,11360 EASTEX FRWY,NONE,NA,NA,EAST,Y,0,0,0,1,0,0,0
15035341,2,MOTOR VEHICLE,N,N,TX,JKAZRCD12CA026562,NA,ONG,KAWASAKI,UNKNOWN,MOTORCYCLE,N,79752,1,PROOF OF LIABILITY INSURANCE,"MOTORCYCLE, SCOOTER, MOPED, ETC. ONLY",DAMAGED 1 MINIMUM,1,NA,NA,NA,N,NEAL POOL REKER SERVICE,"1117 S. GRANT ODESSA, TEXAS",NONE,NA,NA,EAST,Y,0,1,0,0,0,1,0
15077180,2,MOTOR VEHICLE,N,N,TX,JH2SC68G7CK000467,NA,WHI,HONDA,UNKNOWN,MOTORCYCLE,N,79549,1,PROOF OF LIABILITY INSURANCE,DISTRIBUTED RIGHT SIDE DAMAGE PARALLEL IMPACT,DAMAGED 1 MINIMUM,3,DISTRIBUTED LEFT SIDE DAMAGE PARALLEL IMPACT,DAMAGED 1 MINIMUM,9,N,DRIVER,REMOVED,NONE,NA,NA,SOUTH,Y,0,0,0,1,0,0,0
15119484,1,MOTOR VEHICLE,N,N,TX,1HD1KBM13GB612798,NA,BLK,HARLEY-DAVIDSON,UNKNOWN,MOTORCYCLE,N,78570,1,PROOF OF LIABILITY INSURANCE,"MOTORCYCLE, SCOOTER, MOPED, ETC. ONLY",DAMAGED 1 MINIMUM,NA,NA,NA,NA,Y,,,NONE,NA,NA,SOUTH,Y,0,1,0,0,0,1,0
14998176,2,MOTOR VEHICLE,N,N,FL,JH2RC4300YM600448,2000,BLK,HONDA,UNKNOWN,MOTORCYCLE,N,77502,2,NA,"MOTORCYCLE, SCOOTER, MOPED, ETC. ONLY",DAMAGED 1 MINIMUM,NA,NA,NA,NA,N,THOMASON TOWING,8000 GALVESTON RD,NONE,NA,NA,SOUTH,Y,0,1,0,0,0,1,0
15006319,1,MOTOR VEHICLE,N,N,TX,JS1GR7DA4W2100206,1998,RED,SUZUKI,NA,MOTORCYCLE,N,77840,1,PROOF OF LIABILITY INSURANCE,FRONT END DAMAGE CONCENTRATED IMPACT,DAMAGED 4,12,NA,NA,NA,N,EXCEL,"1804 FINFEATHER, BRYAN",NONE,NA,NA,WEST,Y,0,1,0,0,0,1,0
15093082,1,MOTOR VEHICLE,N,N,TX,JYARN20E48A011794,NA,RED,YAMAHA,UNKNOWN,MOTORCYCLE,N,77076,2,NA,"MOTORCYCLE, SCOOTER, MOPED, ETC. ONLY",DAMAGED 1 MINIMUM,NA,NA,NA,NA,Y,RIGHT AWAY TOWING  #765,5675 W. TIDWELL RD.,NONE,NA,NA,SOUTH,Y,1,0,0,0,0,1,0
15045342,1,MOTOR VEHICLE,N,N,TX,JH2PC35055M601881,2005,GRN,HONDA,NA,MOTORCYCLE,N,75028,1,PROOF OF LIABILITY INSURANCE,"MOTORCYCLE, SCOOTER, MOPED, ETC. ONLY",DAMAGED 1 MINIMUM,12,NA,NA,NA,N,PRO TOW,PRO TOW,FAILED TO CONTROL SPEED,DRIVER INATTENTION,NA,EAST,Y,0,0,1,0,0,1,0
15072230,2,MOTOR VEHICLE,N,N,TX,JS1GT77A072112576,2007,BLK,SUZUKI,NA,MOTORCYCLE,N,76054,2,NA,"MOTORCYCLE, SCOOTER, MOPED, ETC. ONLY",DAMAGED 1 MINIMUM,1,NA,NA,NA,N,AA WRECKER SERVICE,5709 DENTON HIGHWAY,NA,NA,UNSAFE SPEED,SOUTHWEST,Y,0,1,0,0,0,1,0
15089419,2,MOTOR VEHICLE,N,N,TX,1HFSC181XVA100178,1997,RED,HONDA,NA,MOTORCYCLE,N,75165,2,NA,"MOTORCYCLE, SCOOTER, MOPED, ETC. ONLY",DAMAGED 1 MINIMUM,12,NA,NA,NA,N,,,NONE,NA,NA,SOUTH,Y,1,0,0,0,0,1,0
15023040,1,MOTOR VEHICLE,N,N,CA,1HD1GDL31RY310202,1994,BLK,HARLEY-DAVIDSON,UNKNOWN,MOTORCYCLE,N,79938,2,NA,"MOTORCYCLE, SCOOTER, MOPED, ETC. ONLY",DAMAGED 1 MINIMUM,NA,NA,NA,NA,N,NEW BRAUNFELS TOWING,"5927 SAFARI LANE NEW BRAUNFELS, X 78130",UNSAFE SPEED,PASSED IN NO PASSING LANE,UNDER INFLUENCE - ALCOHOL,NORTHEAST,Y,1,0,0,0,0,1,0
15087826,2,MOTOR VEHICLE,N,N,TN,1HD1KRM11EB704109,NA,RED,HARLEY-DAVIDSON,UNKNOWN,MOTORCYCLE,N,37323,1,PROOF OF LIABILITY INSURANCE,BACK END DAMAGE CONCENTRATED IMPACT,DAMAGED 5,6,NA,NA,NA,N,,,NONE,NA,NA,SOUTH,Y,1,0,0,0,0,1,0
15056177,1,MOTOR VEHICLE,N,N,TX,JKAVN2C188A017426,NA,RED,KAWASAKI,NA,MOTORCYCLE,N,76063,1,PROOF OF LIABILITY INSURANCE,"MOTORCYCLE, SCOOTER, MOPED, ETC. ONLY",DAMAGED 1 MINIMUM,NA,NA,NA,NA,Y,KELLY MCKNIGHT WRECKER 817-265-1336,"1108  HARRISON AVE, ARLINGTON, TX, 76011",FAILED TO DRIVE IN SINGLE LANE,UNDER INFLUENCE - ALCOHOL,NA,SOUTH,Y,0,1,0,0,0,1,0
15005308,1,MOTOR VEHICLE,N,N,TX,JYAVM01E8YA021622,2000,RED,YAMAHA,UNKNOWN,MOTORCYCLE,N,76117,3,PROOF OF LIABILITY INSURANCE,"MOTORCYCLE, SCOOTER, MOPED, ETC. ONLY",DAMAGED 1 MINIMUM,9,NA,NA,NA,N,BIG DADDYS WRECKER SERVICE,212  NORTH COVINGTON ST. HILLSBORO TX,FAILED TO CONTROL SPEED,DRIVER INATTENTION,NA,NORTH,Y,0,0,1,0,0,1,0
15009353,1,MOTOR VEHICLE,N,Y,TX,JS1GN7CA752109915,2005,BLU,SUZUKI,UNKNOWN,MOTORCYCLE,N,78415,1,LIABILITY INSURANCE POLICY,"MOTORCYCLE, SCOOTER, MOPED, ETC. ONLY",DAMAGED 1 MINIMUM,NA,NA,NA,NA,Y,TEXSTAR WRECKER,3041 HOLLY RD,FLEEING OR EVADING POLICE,NA,UNSAFE SPEED,WEST,Y,0,1,0,0,0,1,0
15137720,1,MOTOR VEHICLE,N,N,TX,JKAEX8A10EA004648,NA,GRN,KAWASAKI,NA,MOTORCYCLE,N,79701,2,NA,"MOTORCYCLE, SCOOTER, MOPED, ETC. ONLY",DAMAGED 1 MINIMUM,12,NA,NA,NA,N,DRIVEN AWAY,,NONE,NA,NA,EAST,Y,0,0,0,1,0,0,0
15014959,1,MOTOR VEHICLE,N,N,TX,1HD1CGP49WY201692,1998,BRO,HARLEY-DAVIDSON,NA,MOTORCYCLE,N,79705,1,PROOF OF LIABILITY INSURANCE,DISTRIBUTED LEFT SIDE DAMAGE PARALLEL IMPACT,DAMAGED 1 MINIMUM,2,NA,NA,NA,N,DRIVEN AWAY,,DISREGARD STOP SIGN OR LIGHT,DRIVER INATTENTION,NA,NORTH,Y,0,1,0,0,0,1,0
15104720,2,MOTOR VEHICLE,Y,N,TX,JYA3HHE02SA079998,1997,BLK,YAMAHA,NA,MOTORCYCLE,N,79415,2,NA,"MOTORCYCLE, SCOOTER, MOPED, ETC. ONLY",DAMAGED 1 MINIMUM,1,NA,NA,NA,N,REMAINED AT SCENE,,NONE,NA,NA,NORTH,Y,0,0,0,0,0,0,0
15084379,1,MOTOR VEHICLE,N,N,TX,1HD1BKL11XY042671,1999,PLE,HARLEY-DAVIDSON,UNKNOWN,MOTORCYCLE,N,76365,1,LIABILITY INSURANCE POLICY,FRONT END DAMAGE CONCENTRATED IMPACT,DAMAGED 2,12,NA,NA,NA,N,DAVIS TOWING,"104 N. CENTRAL, PETROLIA, TEXAS 76377",NONE,NA,NA,SOUTH,Y,0,0,1,0,0,1,0
15088403,2,MOTOR VEHICLE,N,N,TX,JS1GR7MA3F2100245,NA,BLU,SUZUKI,NA,MOTORCYCLE,N,78539,1,PROOF OF LIABILITY INSURANCE,"MOTORCYCLE, SCOOTER, MOPED, ETC. ONLY",DAMAGED 1 MINIMUM,NA,NA,NA,NA,N,,,NONE,NA,NA,WEST,Y,0,0,1,0,0,1,0
15070399,1,MOTOR VEHICLE,N,N,TX,1HD1FCW12YY604732,2000,RED,HARLEY-DAVIDSON,NA,MOTORCYCLE,N,77044,1,PROOF OF LIABILITY INSURANCE,FRONT END DAMAGE DISTRIBUTED IMPACT,DAMAGED 1 MINIMUM,12,NA,NA,NA,N,UNKNOWN,UNKNOWN,NA,NA,SPEEDING - (OVERLIMIT),EAST,Y,0,1,0,0,0,1,0
15120442,1,MOTOR VEHICLE,N,N,TX,RFBB5KBK06B151148,2006,GRY,KYMCO,NA,MOTORCYCLE,N,77008,2,NA,"MOTORCYCLE, SCOOTER, MOPED, ETC. ONLY",DAMAGED 1 MINIMUM,NA,NA,NA,NA,Y,REPO DEPOT,17623 F.M. 529,UNDER INFLUENCE - ALCOHOL,FAILED TO DRIVE IN SINGLE LANE,NA,WEST,Y,0,1,0,0,0,1,0
15078068,1,MOTOR VEHICLE,N,N,TX,JYAVN05EXEA005313,NA,WHI,YAMAHA,UNKNOWN,MOTORCYCLE,N,76116,1,PROOF OF LIABILITY INSURANCE,FRONT END DAMAGE CONCENTRATED IMPACT,DAMAGED 1 MINIMUM,NA,RIGHT SIDE DAMAGE ANGULAR IMPACT,DAMAGED 1 MINIMUM,NA,N,GUY SIMONS,"2500 BRENNAN AVE FW, TX",DISREGARD STOP AND GO SIGNAL,NA,NA,EAST,Y,0,0,1,0,0,1,0