CRASH_ID,UNIT_NBR,UNIT_DESC_ID,VEH_PARKED_FL,VEH_HNR_FL,VEH_LIC_STATE_ID,VIN,VEH_MOD_YEAR,VEH_COLOR_ID,VEH_MAKE_ID,VEH_MOD_ID,VEH_BODY_STYL_ID,EMER_RESPNDR_FL,OWNR_ZIP,FIN_RESP_PROOF_ID,FIN_RESP_TYPE_ID,VEH_DMAG_AREA_1_ID,VEH_DMAG_SCL_1_ID,FORCE_DIR_1_ID,VEH_DMAG_AREA_2_ID,VEH_DMAG_SCL_2_ID,FORCE_DIR_2_ID,VEH_INVENTORIED_FL,VEH_TRANSP_NAME,VEH_TRANSP_DEST,CONTRIB_FACTR_1_ID,CONTRIB_FACTR_2_ID,CONTRIB_FACTR_P1_ID,VEH_TRVL_DIR_ID,FIRST_HARM_EVT_INV_ID,INCAP_INJRY_CNT,NONINCAP_INJRY_CNT,POSS_INJRY_CNT,NON_INJRY_CNT,UNKN_INJRY_CNT,TOT_INJRY_CNT,DEATH_CNT
15050068,2,MOTOR VEHICLE,N,N,TX,JH2PC40087M007396,2007,BLK,HONDA,NA,MOTORCYCLE,N,63645,1,LIABILITY INSURANCE POLICY,FRONT END DAMAGE DISTRIBUTED IMPACT,DAMAGED 2,12,NA,NA,NA,N,620 LAKESIDE TOWING,620 LAKESIDE TOWING,NONE,NA,NA,WEST,Y,0,1,0,0,0,1,0
15099738,2,MOTOR VEHICLE,N,N,TX,JYAVM01E46A097772,2006,GRY,YAMAHA,NA,MOTORCYCLE,N,76021,1,LIABILITY INSURANCE POLICY,"MOTORCYCLE, SCOOTER, MOPED, ETC. ONLY",DAMAGED 1 MINIMUM,9,NA,NA,NA,Y,EULESS B & B WRECKER SERVICE,"1201 W EULESS BLVD., EULESS, TEXAS 76040",NONE,NA,NA,EAST,Y,1,0,0,0,0,1,0
15018508,2,MOTOR VEHICLE,N,N,TX,JKAEX8A15EA000658,NA,GRN,KAWASAKI,NA,MOTORCYCLE,N,77040,2,NA,"MOTORCYCLE, SCOOTER, MOPED, ETC. ONLY",DAMAGED 1 MINIMUM,NA,NA,NA,NA,Y,HY-TECH TOWING & RECOVERY,8210 PINEMONT,NONE,NA,NA,SOUTH,Y,0,0,1,0,0,1,0
15022406,3,MOTOR VEHICLE,N,N,TX,1HD1GXM17FC327237,NA,BLK,HARLEY-DAVIDSON,NA,MOTORCYCLE,N,75801,1,PROOF OF LIABILITY INSURANCE,"MOTORCYCLE, SCOOTER, MOPED, ETC. ONLY",DAMAGED 1 MINIMUM,NA,NA,NA,NA,N,,,NONE,NA,NA,NORTHEAST,N,0,1,0,0,0,1,0
15068241,1,MOTOR VEHICLE,N,N,NM,JYARJ16E49A011843,NA,BLK,YAMAHA,NA,MOTORCYCLE,N,88063,1,LIABILITY INSURANCE POLICY,LEFT SIDE DAMAGE ANGULAR IMPACT,DAMAGED 2,9,RIGHT SIDE DAMAGE ANGULAR IMPACT,DAMAGED 1 MINIMUM,3,N,DRIVER,TRAFFIC,PASSED IN NO PASSING LANE,NA,NA,EAST,Y,0,0,1,0,0,1,0
15078523,2,MOTOR VEHICLE,N,N,TX,JH2PC40418M100703,NA,BLK,HONDA,NA,MOTORCYCLE,N,79925,1,PROOF OF LIABILITY INSURANCE,FRONT END (LEFT) DAMAGE PARTIAL CONTACT,DAMAGED 2,11,LEFT SIDE DAMAGE ANGULAR IMPACT,DAMAGED 1 MINIMUM,9,N,MOTHER,DRIVER REQUEST,NONE,NA,NA,NORTH,Y,0,0,1,0,0,1,0
15128937,2,MOTOR VEHICLE,N,N,TX,1HD1TD912DB962131,NA,BLK,HARLEY-DAVIDSON,NA,MOTORCYCLE,N,77386,1,PROOF OF LIABILITY INSURANCE,BACK END DAMAGE CONCENTRATED IMPACT,DAMAGED 1 MINIMUM,6,NA,NA,NA,N,,,NONE,NA,NA,WEST,Y,0,0,0,1,0,0,0
15139062,2,MOTOR VEHICLE,N,N,TX,1HD1KDM12GB657890,NA,BLU,HARLEY-DAVIDSON,NA,MOTORCYCLE,N,79605,1,PROOF OF LIABILITY INSURANCE,RIGHT SIDE AND TOP DAMAGE ROLLOVER EFFECTS,DAMAGED 2,9,NA,NA,NA,N,OBARS,3210 PLUM,NONE,NA,NA,SOUTHWEST,Y,0,1,0,0,0,1,0
15044241,1,MOTOR VEHICLE,N,N,TX,JH2SC57057M302235,2007,BLK,HONDA,NA,MOTORCYCLE,N,75068,1,PROOF OF LIABILITY INSURANCE,"MOTORCYCLE, SCOOTER, MOPED, ETC. ONLY",DAMAGED 1 MINIMUM,12,NA,NA,NA,N,,,IMPROPER START FROM PARKED POSITION,NA,OTHER (EXPLAIN IN NARRATIVE),NORTHWEST,Y,0,0,0,1,0,0,0
15077518,1,MOTOR VEHICLE,N,N,TX,4B7H84691TS004414,1997,BLU,UNKNOWN,UNKNOWN,MOTORCYCLE,N,76661,2,PROOF OF LIABILITY INSURANCE,"MOTORCYCLE, SCOOTER, MOPED, ETC. ONLY",DAMAGED 1 MINIMUM,12,NA,NA,NA,N,BOB'S TOWING,BOB'S TOWING,DRIVER INATTENTION,FAILED TO CONTROL SPEED,UNSAFE SPEED,WEST,Y,0,1,0,0,0,1,0
15069529,1,MOTOR VEHICLE,N,N,TX,JS1GR7HA912105890,2001,BLK,SUZUKI,NA,MOTORCYCLE,N,75098,2,NA,"MOTORCYCLE, SCOOTER, MOPED, ETC. ONLY",DAMAGED 1 MINIMUM,9,NA,NA,NA,Y,CONTRACT WRECKER,"1955 VILBIG, DALLAS, TEXAS",SPEEDING - (OVERLIMIT),UNDER INFLUENCE - ALCOHOL,NA,SOUTHWEST,Y,1,0,0,0,0,1,0
15119409,2,MOTOR VEHICLE,N,N,TX,1HD1ESL46XY950678,1999,BLK,HARLEY-DAVIDSON,UNKNOWN,MOTORCYCLE,N,78602,1,PROOF OF LIABILITY INSURANCE,FRONT END DAMAGE DISTRIBUTED IMPACT,DAMAGED 5,12,NA,NA,NA,Y,"JOE VILLAFRANCA, VILLAFRANCAS TOWING","723 HWY 71 W, SMITHVILLE, TEXAS 78957",NONE,NA,NA,EAST,Y,1,0,0,0,0,1,0
15133952,2,MOTOR VEHICLE,N,N,CO,3A58921H9,1979,WHI,HARLEY-DAVIDSON,UNKNOWN,MOTORCYCLE,N,80860,1,PROOF OF LIABILITY INSURANCE,"MOTORCYCLE, SCOOTER, MOPED, ETC. ONLY",DAMAGED 1 MINIMUM,NA,NA,NA,NA,N,,,NONE,NA,NA,NORTHWEST,Y,0,1,0,0,0,1,0
15010045,2,MOTOR VEHICLE,N,N,TX,1HD1BLL16LY012551,1990,BLK,HARLEY-DAVIDSON,NA,MOTORCYCLE,N,75234,2,NA,FRONT END DAMAGE CONCENTRATED IMPACT,DAMAGED 4,12,NA,NA,NA,N,PRO TOW,"804 TEXAS ST DENTON, TX",NONE,NA,NA,EAST,Y,1,0,0,0,0,1,0
15056034,2,MOTOR VEHICLE,N,N,TX,1HD1FCW184Y629628,2004,WHI,HARLEY-DAVIDSON,NA,MOTORCYCLE,N,77979,1,PROOF OF LIABILITY INSURANCE,"MOTORCYCLE, SCOOTER, MOPED, ETC. ONLY",DAMAGED 1 MINIMUM,NA,NA,NA,NA,N,,,FAILED TO CONTROL SPEED,NA,NA,EAST,Y,0,0,0,1,0,0,0
15099361,2,MOTOR VEHICLE,N,N,TX,1HD1KRM13EB678922,NA,BLK,HARLEY-DAVIDSON,NA,MOTORCYCLE,N,78586,1,PROOF OF LIABILITY INSURANCE,BACK END DAMAGE CONCENTRATED IMPACT,DAMAGED 1 MINIMUM,6,NA,NA,NA,Y,,,NONE,NA,NA,NORTH,Y,0,1,0,0,0,1,0
15087427,2,MOTOR VEHICLE,N,N,TX,1HD1FR417AB674435,NA,SIL,HARLEY-DAVIDSON,NA,MOTORCYCLE,N,76063,1,PROOF OF LIABILITY INSURANCE,"MOTORCYCLE, SCOOTER, MOPED, ETC. ONLY",DAMAGED 1 MINIMUM,12,NA,NA,NA,N,HILLS WRECKER,"109 CLIFT, WAXAHACHIE, TX 75165",NONE,NA,NA,EAST,Y,0,1,0,0,0,1,0
15013044,1,MOTOR VEHICLE,N,N,TX,1HFSC2200WA000579,1998,ONG,HONDA,UNKNOWN,MOTORCYCLE,N,75670,1,PROOF OF LIABILITY INSURANCE,"MOTORCYCLE, SCOOTER, MOPED, ETC. ONLY",DAMAGED 1 MINIMUM,NA,NA,NA,NA,N,COLE'S WRECKER (903)935-1140,"511 E. TRAVIS ST., MARSHALL, TX",UNDER INFLUENCE - ALCOHOL,UNDER INFLUENCE - DRUG,NA,EAST,Y,1,0,0,0,0,1,0
15053089,2,MOTOR VEHICLE,N,N,TX,JYAVP11E08A106127,NA,BLK,YAMAHA,NA,MOTORCYCLE,N,76543,1,PROOF OF LIABILITY INSURANCE,"MOTORCYCLE, SCOOTER, MOPED, ETC. ONLY",DAMAGED 1 MINIMUM,NA,NA,NA,NA,N,GOODE'S AUTOMOTIVE  (254)526-2774,"5209 S 195  KILLEEN, TX  76549",NONE,NA,NA,WEST,Y,0,0,1,0,0,1,0
15050038,2,MOTOR VEHICLE,N,N,TX,5N8017309,1982,RED,YAMAHA,NA,MOTORCYCLE,N,29640,1,LIABILITY INSURANCE POLICY,FRONT END DAMAGE DISTRIBUTED IMPACT,DAMAGED 2,12,NA,NA,NA,,,,NONE,NA,NA,SOUTH,Y,0,0,0,1,0,0,0
15101930,2,MOTOR VEHICLE,N,N,TX,1HD1BRY103Y076161,2003,BLK,HARLEY-DAVIDSON,NA,MOTORCYCLE,N,76673,1,PROOF OF LIABILITY INSURANCE,FRONT END (RIGHT)  DAMAGE PARTIAL CONTACT,DAMAGED 2,1,NA,NA,NA,N,ACROSS COUNTRY,424 S 12TH ST,NONE,NA,NA,WEST,Y,0,1,0,0,0,1,0
15110798,1,MOTOR VEHICLE,N,N,TX,1HDA1GHL10WY32255,1998,RED,HARLEY-DAVIDSON,UNKNOWN,MOTORCYCLE,N,75773,1,PROOF OF LIABILITY INSURANCE,"MOTORCYCLE, SCOOTER, MOPED, ETC. ONLY",DAMAGED 1 MINIMUM,NA,NA,NA,NA,,,,UNSAFE SPEED,NA,NA,NORTH,Y,0,0,0,1,0,0,0
15141515,1,MOTOR VEHICLE,N,N,TX,1HFSC0201CA201522,1982,BLK,HONDA,NA,MOTORCYCLE,N,76667,1,PROOF OF LIABILITY INSURANCE,FRONT END DAMAGE CONCENTRATED IMPACT,DAMAGED 4,12,NA,NA,NA,N,LEE'W WRECKER,"520 WEST TYLEY, MEXIA, TX 76667",NONE,NA,NA,NORTH,Y,1,0,0,0,0,1,0
14993316,1,MOTOR VEHICLE,N,N,WY,1S92P10736P771180,2006,BLU,OTHER (EXPLAIN IN NARRATIVE),OTHER (EXPLAIN IN NARRATIVE),MOTORCYCLE,N,82301,1,PROOF OF LIABILITY INSURANCE,"MOTORCYCLE, SCOOTER, MOPED, ETC. ONLY",DAMAGED 1 MINIMUM,NA,NA,NA,NA,Y,MAGNOLIA TOWING,"41902 FM 1774 MAGNOLIA, TX 77354",UNSAFE SPEED,UNDER INFLUENCE - DRUG,NA,NORTHEAST,Y,1,0,0,0,0,1,0
15104288,2,MOTOR VEHICLE,N,N,TX,JYAVM01E67A118154,2007,RED,YAMAHA,UNKNOWN,MOTORCYCLE,N,79424,1,LIABILITY INSURANCE POLICY,"MOTORCYCLE, SCOOTER, MOPED, ETC. ONLY",DAMAGED 1 MINIMUM,NA,NA,NA,NA,N,OWNER,LEFT AT SCENE,NONE,NA,NA,SOUTH,Y,0,1,0,0,0,1,0
15112627,2,MOTOR VEHICLE,N,N,TX,JH2SC57024M001675,2004,BLK,HONDA,NA,MOTORCYCLE,N,79932,2,NA,BACK END DAMAGE DISTRIBUTED IMPACT,DAMAGED 5,6,NA,NA,NA,Y,KAMEL TOWING,11615 RAIL ROAD,NONE,NA,NA,WEST,Y,0,1,0,0,0,1,0
15115881,5,MOTOR VEHICLE,N,N,AR,1HD1KB417AB656343,NA,SIL,HARLEY-DAVIDSON,NA,MOTORCYCLE,N,71854,1,LIABILITY INSURANCE POLICY,BACK END DAMAGE DISTRIBUTED IMPACT,DAMAGED 3,NA,NA,NA,NA,N,LEFT LEGALLY PARKED,,NONE,NA,NA,SOUTHWEST,N,0,0,0,0,0,0,0
15018649,2,MOTOR VEHICLE,N,N,TX,JH2SC51795M300247,2005,BLK,HONDA,NA,MOTORCYCLE,N,75237,1,PROOF OF LIABILITY INSURANCE,"MOTORCYCLE, SCOOTER, MOPED, ETC. ONLY",DAMAGED 1 MINIMUM,1,NA,NA,NA,Y,DAVES WRECKER,3010 HARD ROCK RD. GRAND PRAIRIE,NONE,NA,NA,WEST,Y,0,0,1,0,0,1,0
15090669,2,MOTOR VEHICLE,N,N,TX,JH2PC37073M002510,2003,WHI,HONDA,NA,MOTORCYCLE,N,79336,1,LIABILITY INSURANCE POLICY,BACK END DAMAGE CONCENTRATED IMPACT,DAMAGED 7 HIGHEST,6,NA,NA,NA,Y,LUBBOCK WRECKER,LUBBOCK WRECKER  3209 SLATON HWY   806-7,NONE,NA,NA,SOUTH,Y,1,0,0,0,0,1,0
14999040,2,MOTOR VEHICLE,N,N,TX,JH2PF01417K400279,2007,SIL,HONDA,NA,MOTORCYCLE,N,75708,1,PROOF OF LIABILITY INSURANCE,"MOTORCYCLE, SCOOTER, MOPED, ETC. ONLY",DAMAGED 1 MINIMUM,NA,NA,NA,NA,N,CAMPBELLS TOWING,"3053 SPUR 124  TYLER, TX",NONE,NA,NA,EAST,Y,0,1,0,0,0,1,0
15042729,2,MOTOR VEHICLE,Y,N,TX,4K7S81358YC009326,2002,WHI,UNKNOWN,UNKNOWN,MOTORCYCLE,N,77520,1,PROOF OF LIABILITY INSURANCE,RIGHT SIDE DAMAGE ANGULAR IMPACT,DAMAGED 2,9,LEFT SIDE DAMAGE ANGULAR IMPACT,DAMAGED 2,9,N,,,NONE,NA,NA,NORTH,N,0,0,0,0,0,0,0
15052552,1,MOTOR VEHICLE,N,N,TX,JH2PC37056M303507,2006,BLK,HONDA,NA,MOTORCYCLE,N,75965,1,PROOF OF LIABILITY INSURANCE,LEFT FRONT QUARTER DAMAGE ANGULAR IMPACT,DAMAGED 1 MINIMUM,10,RIGHT SIDE DAMAGE ANGULAR IMPACT,DAMAGED 1 MINIMUM,3,N,,,FAILED TO DRIVE IN SINGLE LANE,NA,NA,WEST,Y,0,0,1,0,0,1,0
15111691,2,MOTOR VEHICLE,N,N,TX,1HD1BMY19YY061555,2000,WHI,HARLEY-DAVIDSON,UNKNOWN,MOTORCYCLE,N,77327,1,PROOF OF LIABILITY INSURANCE,"MOTORCYCLE, SCOOTER, MOPED, ETC. ONLY",DAMAGED 1 MINIMUM,1,NA,NA,NA,Y,K&K,"1275 W CARDINAL DR, BEAUMONT TX 77705",NONE,NA,NA,EAST,Y,1,0,0,0,0,1,0
15116468,2,MOTOR VEHICLE,N,N,TX,SN48272,1975,BLK,HARLEY-DAVIDSON,NA,MOTORCYCLE,N,75801,1,PROOF OF LIABILITY INSURANCE,BACK END DAMAGE CONCENTRATED IMPACT,DAMAGED 3,6,NA,NA,NA,N,TUCKER FARRIS WRECKER,"306 N. PERRY, PALESTINE, TX",NONE,NA,NA,NORTH,Y,0,0,0,1,0,0,0
15088645,3,MOTOR VEHICLE,N,N,TX,WB10496A54ZJ32078,2004,BGE,BMW,UNKNOWN,MOTORCYCLE,N,75455,1,PROOF OF LIABILITY INSURANCE,"MOTORCYCLE, SCOOTER, MOPED, ETC. ONLY",DAMAGED 1 MINIMUM,12,NA,NA,NA,N,BILLY CRAIG WRECKER SVC (9800) 750-7859,"214 W 1ST ST, MT PLEASANT, TX",NONE,NA,NA,EAST,N,0,0,0,1,0,0,0
15117524,3,MOTOR VEHICLE,N,N,TX,JS1GT74A022102692,2002,RED,SUZUKI,NA,MOTORCYCLE,N,79401,1,PROOF OF LIABILITY INSURANCE,DISTRIBUTED RIGHT SIDE DAMAGE PARALLEL IMPACT,DAMAGED 4,3,NA,NA,NA,N,LUBBOCK WRECKER,LUBBOCK WRECKER  3209 SLATON HWY   806-7,NONE,NA,NA,WEST,N,0,2,0,0,0,2,0
15025146,2,MOTOR VEHICLE,N,N,TX,SJN548791B1388100,2000,BLU,HARLEY-DAVIDSON,NA,MOTORCYCLE,N,78550,2,NA,LEFT SIDE DAMAGE ANGULAR IMPACT,DAMAGED 1 MINIMUM,9,NA,NA,NA,N,DOUBLE A WRECKER,"502 W JACKSON, HARLINGEN",NONE,NA,NA,SOUTHEAST,Y,1,0,0,0,0,1,0
15044036,2,MOTOR VEHICLE,N,N,TX,JS1VS55AX52117251,2005,MUL,ISUZU,UNKNOWN,MOTORCYCLE,N,77414,2,NA,FRONT END DAMAGE CONCENTRATED IMPACT,DAMAGED 3,12,NA,NA,NA,N,,,NONE,NA,NA,SOUTH,Y,1,0,0,0,0,1,0
15052787,1,MOTOR VEHICLE,N,N,TX,JH2PC3509XM004686,1999,RED,HONDA,NA,MOTORCYCLE,N,75236,2,NA,"MOTORCYCLE, SCOOTER, MOPED, ETC. ONLY",DAMAGED 1 MINIMUM,12,NA,NA,NA,Y,CONTRACT WRECKER,"1955 VILBIG, DALLAS, TEXAS",FAILED TO DRIVE IN SINGLE LANE,NA,NA,WEST,Y,0,0,0,0,0,0,1
15013628,2,MOTOR VEHICLE,N,N,TX,2D45MC011ES000340,NA,BLK,APRILIA,UNKNOWN,MOTORCYCLE,N,78204,1,LIABILITY INSURANCE POLICY,LEFT SIDE DAMAGE ANGULAR IMPACT,DAMAGED 2,9,NA,NA,NA,N,,,NONE,NA,NA,NORTH,Y,0,0,1,0,0,1,0
15047870,2,MOTOR VEHICLE,N,N,TX,1HFSC46052A011089,2002,PLE,HONDA,UNKNOWN,MOTORCYCLE,N,78233,1,PROOF OF LIABILITY INSURANCE,FRONT END (RIGHT)  DAMAGE PARTIAL CONTACT,DAMAGED 2,1,LEFT SIDE DAMAGE ANGULAR IMPACT,DAMAGED 3,9,N,,,NONE,NA,NA,NORTHWEST,Y,0,0,1,0,0,1,0
15048668,2,MOTOR VEHICLE,N,N,TX,1HD1GX4189K304432,NA,BLK,HARLEY-DAVIDSON,UNKNOWN,MOTORCYCLE,N,75071,1,PROOF OF LIABILITY INSURANCE,FRONT END DAMAGE DISTRIBUTED IMPACT,DAMAGED 7 HIGHEST,12,NA,NA,NA,N,ROPERS,ROPERS 1625 N MCDONALD ST MCKINNEY TX 75,NONE,NA,NA,SOUTH,Y,1,0,0,0,0,1,0
15088442,1,MOTOR VEHICLE,N,N,TX,LFGTCKPMXB1000660,NA,RED,ALL OTHER MAKES,UNKNOWN,MOTORCYCLE,N,77301,1,PROOF OF LIABILITY INSURANCE,"MOTORCYCLE, SCOOTER, MOPED, ETC. ONLY",DAMAGED 1 MINIMUM,NA,NA,NA,NA,Y,SPEEDY'S  (936) 756-4874,"305 AUSTIN RD, CONROE, TX 77301",FAILED TO DRIVE IN SINGLE LANE,UNDER INFLUENCE - ALCOHOL,NA,SOUTH,Y,0,1,0,0,0,1,0
15091392,1,MOTOR VEHICLE,N,N,TX,1HD1FCW135Y604931,2005,RED,HARLEY-DAVIDSON,NA,MOTORCYCLE,N,79423,1,PROOF OF LIABILITY INSURANCE,FRONT END DAMAGE CONCENTRATED IMPACT,DAMAGED 1 MINIMUM,11,DISTRIBUTED LEFT SIDE DAMAGE PARALLEL IMPACT,DAMAGED 2,9,N,LUBBOCK WRECKER,LUBBOCK WRECKER  3209 SLATON HWY   806-7,CHANGED LANE WHEN UNSAFE,NA,NA,EAST,Y,0,1,0,0,0,1,0
15131346,1,MOTOR VEHICLE,N,N,TX,JH2RC50739K000737,NA,BLK,HONDA,UNKNOWN,MOTORCYCLE,N,,1,LIABILITY INSURANCE POLICY,LEFT SIDE DAMAGE ANGULAR IMPACT,DAMAGED 3,9,RIGHT SIDE DAMAGE ANGULAR IMPACT,DAMAGED 1 MINIMUM,3,N,OWNER,LEFT LEGALLY PARKED,PASSED ON RIGHT SHOULDER,NA,NA,NORTH,Y,0,0,1,0,0,1,0
15000104,1,MOTOR VEHICLE,N,N,TX,5VPWB36N3C3007392,NA,BLK,VICTORY,UNKNOWN,MOTORCYCLE,N,75035,1,PROOF OF LIABILITY INSURANCE,"MOTORCYCLE, SCOOTER, MOPED, ETC. ONLY",DAMAGED 1 MINIMUM,NA,NA,NA,NA,N,B&B WRECKER (817) 283-2121,"1201 W EULESS BLVD. EULESS, TX 76040",DRIVER INATTENTION,HAD BEEN DRINKING,NA,SOUTH,Y,0,0,1,0,0,1,0
15028293,1,MOTOR VEHICLE,N,N,TX,JS1VS53A6W2104081,1998,RED,SUZUKI,NA,MOTORCYCLE,N,75703,1,PROOF OF LIABILITY INSURANCE,FRONT END DAMAGE DISTRIBUTED IMPACT,DAMAGED 1 MINIMUM,NA,LEFT FRONT QUARTER DAMAGE ANGULAR IMPACT,DAMAGED 1 MINIMUM,NA,N,,,FAILED TO CONTROL SPEED,NA,NA,NORTH,Y,0,0,0,1,0,0,0
15102819,1,MOTOR VEHICLE,N,N,TX,RFBD2K2179B190610,NA,RED,KYMCO,NA,MOTORCYCLE,N,78759,2,NA,LEFT FRONT QUARTER DAMAGE ANGULAR IMPACT,DAMAGED 1 MINIMUM,11,RIGHT FRONT QUARTER DAMAGE ANGULAR IMPACT,DAMAGED 1 MINIMUM,1,N,LAKESIDE TOWING,LAKESIDE TOWING,OTHER (EXPLAIN IN NARRATIVE),NA,NA,UNKNOWN,Y,0,1,0,0,0,1,0
15095030,2,MOTOR VEHICLE,N,N,TX,1HD1FFM17DB661462,NA,BLK,HARLEY-DAVIDSON,UNKNOWN,MOTORCYCLE,N,75042,1,PROOF OF LIABILITY INSURANCE,"MOTORCYCLE, SCOOTER, MOPED, ETC. ONLY",DAMAGED 1 MINIMUM,NA,NA,NA,NA,N,PRIVATE TOW,OWNERS ADDRESS,NA,NA,UNDER INFLUENCE - ALCOHOL,SOUTHWEST,Y,0,1,0,0,0,1,0
15173752,1,MOTOR VEHICLE,N,N,TX,WB10509079ZV93656,NA,BLK,BMW,NA,MOTORCYCLE,N,76039,1,PROOF OF LIABILITY INSURANCE,"MOTORCYCLE, SCOOTER, MOPED, ETC. ONLY",DAMAGED 1 MINIMUM,NA,NA,NA,NA,N,PRO TOW,"1006 E MAIN ST, LEWISVILLE, TX 75057",UNDER INFLUENCE - ALCOHOL,UNSAFE SPEED,NA,NORTHEAST,Y,0,1,0,0,0,1,0
15068750,1,MOTOR VEHICLE,N,N,TX,JS1GN79A6W2100485,1998,BLU,SUZUKI,NA,MOTORCYCLE,N,77340,1,PROOF OF LIABILITY INSURANCE,FRONT END DAMAGE DISTRIBUTED IMPACT,DAMAGED 2,NA,DISTRIBUTED RIGHT SIDE DAMAGE PARALLEL IMPACT,DAMAGED 1 MINIMUM,NA,N,HUNTSVILLE DISCOUNT TIRE,309 SH 75N,FAULTY EVASIVE ACTION,NA,NA,EAST,Y,0,0,0,1,0,0,0
15085115,2,MOTOR VEHICLE,N,N,TX,RFBRAKCG87B121322,2007,GRY,KYMCO,NA,MOTORCYCLE,N,78633,1,PROOF OF LIABILITY INSURANCE,"MOTORCYCLE, SCOOTER, MOPED, ETC. ONLY",DAMAGED 1 MINIMUM,6,NA,NA,NA,Y,CENTEX,GPD  IMPOUND,NONE,NA,NA,NORTHEAST,Y,0,0,0,0,0,0,1
15190908,1,MOTOR VEHICLE,N,N,TX,JS1GW71A262101142,2006,GRY,SUZUKI,NA,MOTORCYCLE,N,79763,1,PROOF OF LIABILITY INSURANCE,"MOTORCYCLE, SCOOTER, MOPED, ETC. ONLY",DAMAGED 1 MINIMUM,1,NA,NA,NA,N,NEAL POOL RECKERS,"1117 S. GRANT AVE ODESSA, TX 79761",FAILED TO DRIVE IN SINGLE LANE,NA,DRIVER INATTENTION,WEST,Y,0,1,0,0,0,1,0
15083076,2,MOTOR VEHICLE,N,N,TX,1HD1PY914BB959630,NA,BRZ,HARLEY-DAVIDSON,NA,MOTORCYCLE,N,79936,1,PROOF OF LIABILITY INSURANCE,LEFT SIDE DAMAGE ANGULAR IMPACT,DAMAGED 1 MINIMUM,9,NA,NA,NA,N,BEST WRECKER,OWNER'S REQEST,NONE,NA,NA,EAST,Y,0,0,0,1,0,0,0
15112138,2,MOTOR VEHICLE,N,N,TX,1HD1PG810EB959124,NA,ONG,HARLEY-DAVIDSON,NA,MOTORCYCLE,N,75075,1,PROOF OF LIABILITY INSURANCE,BACK END DAMAGE DISTRIBUTED IMPACT,DAMAGED 1 MINIMUM,6,NA,NA,NA,N,,,NONE,NA,NA,EAST,Y,0,0,0,1,0,0,0
15133006,2,MOTOR VEHICLE,N,N,TX,1HD1FMM10DB619722,NA,BLK,HARLEY-DAVIDSON,NA,POLICE MOTORCYCLE,N,77059,1,LIABILITY INSURANCE POLICY,BACK END DAMAGE DISTRIBUTED IMPACT,DAMAGED 2,6,NA,NA,NA,N,,,NONE,NA,NA,SOUTH,Y,0,0,1,0,0,1,0
15139141,2,MOTOR VEHICLE,N,N,TX,JKAEXCE139DA31250,NA,BLK,KAWASAKI,NA,MOTORCYCLE,N,79934,1,LIABILITY INSURANCE POLICY,RIGHT SIDE DAMAGE ANGULAR IMPACT,DAMAGED 2,3,NA,NA,NA,,DRIVER,LEFT LEGALLY PARKED,NONE,NA,NA,NORTH,Y,0,0,1,0,0,1,0
15030269,1,MOTOR VEHICLE,N,N,TX,1HFSC52646A303139,2006,BLK,HONDA,UNKNOWN,MOTORCYCLE,N,76116,1,PROOF OF LIABILITY INSURANCE,"MOTORCYCLE, SCOOTER, MOPED, ETC. ONLY",DAMAGED 1 MINIMUM,12,NA,NA,NA,N,BRAD'S TOWING,"1630 RIVERVIEW DR. LEWISVILLE, TX.",NONE,NA,NA,SOUTH,Y,0,1,0,0,0,1,0
15088560,2,MOTOR VEHICLE,N,N,TX,1HD1FCW133Y634427,2003,WHI,HARLEY-DAVIDSON,UNKNOWN,MOTORCYCLE,N,76116,1,PROOF OF LIABILITY INSURANCE,"MOTORCYCLE, SCOOTER, MOPED, ETC. ONLY",DAMAGED 1 MINIMUM,1,NA,NA,NA,N,,,NONE,NA,NA,SOUTH,Y,0,0,1,0,0,1,0
15087550,2,MOTOR VEHICLE,N,N,TX,JKAZRCB1X7A007136,2007,BLK,KAWASAKI,NA,MOTORCYCLE,N,77070,1,PROOF OF LIABILITY INSURANCE,LEFT FRONT QUARTER DAMAGE ANGULAR IMPACT,DAMAGED 2,10,NA,NA,NA,N,ROCKWELL TOWING #239,OWNER'S LOCATION,NONE,NA,NA,NORTH,Y,0,0,0,1,0,0,0
15522975,2,MOTOR VEHICLE,N,N,TX,JS1VP53A962105856,2006,RED,SUZUKI,NA,MOTORCYCLE,N,78756,1,LIABILITY INSURANCE POLICY,FRONT END DAMAGE CONCENTRATED IMPACT,DAMAGED 4,12,DISTRIBUTED RIGHT SIDE DAMAGE PARALLEL IMPACT,DAMAGED 4,3,Y,AVILES & GABES WRECKER SERVICE INC.,AVILES & GABES WRECKER SERVICE INC.,NONE,NA,NA,EAST,Y,0,0,1,0,0,1,0