CRASH_ID,UNIT_NBR,UNIT_DESC_ID,VEH_PARKED_FL,VEH_HNR_FL,VEH_LIC_STATE_ID,VIN,VEH_MOD_YEAR,VEH_COLOR_ID,VEH_MAKE_ID,VEH_MOD_ID,VEH_BODY_STYL_ID,EMER_RESPNDR_FL,OWNR_ZIP,FIN_RESP_PROOF_ID,FIN_RESP_TYPE_ID,VEH_DMAG_AREA_1_ID,VEH_DMAG_SCL_1_ID,FORCE_DIR_1_ID,VEH_DMAG_AREA_2_ID,VEH_DMAG_SCL_2_ID,FORCE_DIR_2_ID,VEH_INVENTORIED_FL,VEH_TRANSP_NAME,VEH_TRANSP_DEST,CONTRIB_FACTR_1_ID,CONTRIB_FACTR_2_ID,CONTRIB_FACTR_P1_ID,VEH_TRVL_DIR_ID,FIRST_HARM_EVT_INV_ID,INCAP_INJRY_CNT,NONINCAP_INJRY_CNT,POSS_INJRY_CNT,NON_INJRY_CNT,UNKN_INJRY_CNT,TOT_INJRY_CNT,DEATH_CNT
15107465,1,MOTOR VEHICLE,N,N,TX,1HFSC1808YA400412,2000,MUL,HONDA,UNKNOWN,MOTORCYCLE,N,77515,1,PROOF OF LIABILITY INSURANCE,"MOTORCYCLE, SCOOTER, MOPED, ETC. ONLY",DAMAGED 1 MINIMUM,NA,NA,NA,NA,Y,MEYER TOWING,"1026 S VELASCO, ANGLETON, TX 77515",FLEEING OR EVADING POLICE,FAILED TO CONTROL SPEED,NA,EAST,Y,1,0,0,0,0,1,0
15000191,1,MOTOR VEHICLE,N,N,TX,1HD1BXB1X6Y041810,2006,BLU,HARLEY-DAVIDSON,NA,MOTORCYCLE,N,78748,1,PROOF OF LIABILITY INSURANCE,BACK END DAMAGE DISTRIBUTED IMPACT,DAMAGED 4,NA,RIGHT SIDE DAMAGE ANGULAR IMPACT,DAMAGED 3,NA,N,,,CHANGED LANE WHEN UNSAFE,DRIVER INATTENTION,NA,NORTHEAST,Y,0,1,0,0,0,1,0
15071401,2,MOTOR VEHICLE,N,N,LA,1HFSC55055A107977,2005,BLU,HONDA,NA,MOTORCYCLE,N,70601,1,PROOF OF LIABILITY INSURANCE,LEFT SIDE DAMAGE ANGULAR IMPACT,DAMAGED 1 MINIMUM,9,NA,NA,NA,N,DOUG,WRECKER LOT,NONE,NA,NA,NORTH,Y,0,1,0,0,0,1,0
15088129,1,MOTOR VEHICLE,N,N,TX,1HD1FMW195Y609685,2005,BLK,HARLEY-DAVIDSON,UNKNOWN,MOTORCYCLE,N,78469,1,PROOF OF LIABILITY INSURANCE,DISTRIBUTED LEFT SIDE DAMAGE PARALLEL IMPACT,DAMAGED 1 MINIMUM,9,FRONT END DAMAGE CONCENTRATED IMPACT,DAMAGED 1 MINIMUM,NA,N,MIGHTY JOES,,NONE,NA,NA,NORTH,Y,0,2,0,0,0,2,0
14996110,1,MOTOR VEHICLE,N,N,TX,JKBVNKD137A014085,2007,BLK,KAWASAKI,NA,MOTORCYCLE,N,79501,1,PROOF OF LIABILITY INSURANCE,"MOTORCYCLE, SCOOTER, MOPED, ETC. ONLY",DAMAGED 1 MINIMUM,NA,NA,NA,NA,Y,J.D.'S WRECKER,"3200 CR 195 ANSON, TEXAS  79501",UNDER INFLUENCE - ALCOHOL,NA,NA,NORTH,Y,1,0,0,0,0,1,0
15002773,1,MOTOR VEHICLE,N,N,TX,1HFSC3905XA101761,1999,BLK,HONDA,UNKNOWN,MOTORCYCLE,N,75670,1,PROOF OF LIABILITY INSURANCE,DISTRIBUTED RIGHT SIDE DAMAGE PARALLEL IMPACT,DAMAGED 3,1,NA,NA,NA,N,RELEASED AT SCENE,,OTHER (EXPLAIN IN NARRATIVE),NA,NA,SOUTHWEST,Y,1,0,0,0,0,1,0
15088389,2,MOTOR VEHICLE,N,N,TX,SMT500FS83J180987,2003,BLK,NA,NA,MOTORCYCLE,N,77901,1,PROOF OF LIABILITY INSURANCE,FRONT END DAMAGE DISTRIBUTED IMPACT,DAMAGED 3,12,NA,NA,NA,Y,HIGHWAY GARAGE 361-645-3618,"425 W PEARL ST GOLIAD, TX 77963",NONE,NA,NA,WEST,Y,1,0,0,0,0,1,0
15068525,1,MOTOR VEHICLE,N,N,TX,JS1GR7HAX22106063,2002,BLU,SUZUKI,UNKNOWN,MOTORCYCLE,N,78223,1,PROOF OF LIABILITY INSURANCE,"MOTORCYCLE, SCOOTER, MOPED, ETC. ONLY",DAMAGED 1 MINIMUM,NA,NA,NA,NA,Y,S&N TOWING (830)889-1052,"51 ROYAL OAKS LP., FREDERICKSBURG, TX.",UNSAFE SPEED,NA,NA,NORTHWEST,Y,1,0,0,0,0,1,0
15015820,2,MOTOR VEHICLE,N,N,TX,ZD4S6C00894001459,NA,SIL,APRILIA,NA,MOTORCYCLE,N,78664,1,PROOF OF LIABILITY INSURANCE,"MOTORCYCLE, SCOOTER, MOPED, ETC. ONLY",DAMAGED 1 MINIMUM,12,NA,NA,NA,,,,NONE,NA,NA,EAST,Y,0,1,0,0,0,1,0
15142067,1,MOTOR VEHICLE,N,N,TX,JKBZXJB114A030029,2004,ONG,KAWASAKI,UNKNOWN,MOTORCYCLE,N,78045,1,LIABILITY INSURANCE POLICY,FRONT END DAMAGE CONCENTRATED IMPACT,DAMAGED 2,12,NA,NA,NA,N,STAYED AT SCENE,SPOUSE PICKING UP MC TO TAKE TO 745 SNAK,FAILED TO CONTROL SPEED,NA,NA,NORTH,Y,0,0,1,0,0,1,0
15008214,1,MOTOR VEHICLE,N,N,TX,5VPGB16D243003822,2004,RED,VICTORY,NA,MOTORCYCLE,N,76179,1,PROOF OF LIABILITY INSURANCE,RIGHT SIDE DAMAGE ANGULAR IMPACT,DAMAGED 4,2,FRONT END (RIGHT)  DAMAGE PARTIAL CONTACT,DAMAGED 4,1,N,HOLT,PSPD,FAILED TO CONTROL SPEED,NA,NA,SOUTH,Y,0,0,1,0,0,1,0
15124408,1,MOTOR VEHICLE,N,N,TX,1HD1GP1106K320611,2006,YEL,HARLEY-DAVIDSON,NA,MOTORCYCLE,N,75169,1,PROOF OF LIABILITY INSURANCE,"MOTORCYCLE, SCOOTER, MOPED, ETC. ONLY",DAMAGED 1 MINIMUM,5,"MOTORCYCLE, SCOOTER, MOPED, ETC. ONLY",DAMAGED 1 MINIMUM,9,N,DRIVEN AWAY,DRIVEN AWAY,FAILED TO CONTROL SPEED,FAILED TO PASS TO LEFT SAFELY,NA,SOUTHEAST,Y,0,0,0,1,0,0,0
15092280,3,MOTOR VEHICLE,N,N,TX,JYARN23E6DA014816,NA,BLK,YAMAHA,NA,MOTORCYCLE,N,75089,1,PROOF OF LIABILITY INSURANCE,"MOTORCYCLE, SCOOTER, MOPED, ETC. ONLY",DAMAGED 1 MINIMUM,NA,NA,NA,NA,N,NOT TOWED-LEFT AT SCENE,,NONE,NA,NA,SOUTH,N,0,1,0,0,0,1,0
15109435,1,MOTOR VEHICLE,N,N,TX,JS1VY53A772107152,2007,BLU,SUZUKI,NA,MOTORCYCLE,N,,3,LIABILITY INSURANCE POLICY,"MOTORCYCLE, SCOOTER, MOPED, ETC. ONLY",DAMAGED 1 MINIMUM,NA,NA,NA,NA,Y,RICK'S TOWING,"120 LONE OAK DR, FLORESVILLE, TX 78114",HAD BEEN DRINKING,NA,NA,SOUTHWEST,Y,1,0,0,0,0,1,0
15112589,1,MOTOR VEHICLE,N,N,TX,KM4MJ5379C1700665,NA,RED,HYOSUNG,NA,MOTORCYCLE,N,79928,2,NA,FRONT END (LEFT) DAMAGE PARTIAL CONTACT,DAMAGED 2,11,LEFT FRONT QUARTER DAMAGE ANGULAR IMPACT,DAMAGED 1 MINIMUM,9,Y,KAMEL TOWING,11615  RAILROAD,NA,NA,FAILED TO PASS TO RIGHT SAFELY,SOUTH,Y,0,1,0,0,0,1,0
14990274,1,MOTOR VEHICLE,N,N,TX,1HD1CGP174K434783,2004,RED,HARLEY-DAVIDSON,NA,MOTORCYCLE,N,75038,1,PROOF OF LIABILITY INSURANCE,RIGHT FRONT QUARTER DAMAGE ANGULAR IMPACT,DAMAGED 2,3,RIGHT SIDE DAMAGE ANGULAR IMPACT,DAMAGED 2,3,N,,,NONE,NA,NA,NORTH,Y,0,0,1,0,0,1,0
15024640,1,MOTOR VEHICLE,N,N,TX,JKBZGNA129A019346,NA,BLK,KAWASAKI,UNKNOWN,MOTORCYCLE,N,78374,1,PROOF OF LIABILITY INSURANCE,FRONT END DAMAGE DISTRIBUTED IMPACT,DAMAGED 2,12,NA,NA,NA,N,PORTLAND WRECKER,PORTLAND WRECKER SERVICE,FOLLOWED TOO CLOSELY,UNSAFE SPEED,NA,NORTH,Y,0,0,0,1,0,0,0
14988821,1,MOTOR VEHICLE,N,N,TX,1HD1BW512AB039860,NA,BLK,HARLEY-DAVIDSON,NA,MOTORCYCLE,N,77515,1,PROOF OF LIABILITY INSURANCE,LEFT SIDE DAMAGE ANGULAR IMPACT,DAMAGED 2,9,RIGHT SIDE DAMAGE ANGULAR IMPACT,DAMAGED 2,3,N,GARCIAS WRECKER,"1257 CHEVY CHASE ANGLETON, TX 77515",FAILED TO CONTROL SPEED,NA,NA,SOUTH,Y,0,1,0,0,0,1,0
15139972,2,MOTOR VEHICLE,N,N,OK,1HFSC321XTA100439,1996,ONG,HONDA,NA,MOTORCYCLE,N,73075,1,PROOF OF LIABILITY INSURANCE,"MOTORCYCLE, SCOOTER, MOPED, ETC. ONLY",DAMAGED 1 MINIMUM,6,NA,NA,NA,N,PRO-TOW,"1006 E MAIN ST  LEWISVILLE, TX",NONE,NA,NA,NORTH,Y,0,0,0,0,0,0,0
15016955,2,MOTOR VEHICLE,N,N,TX,JH2SC5158CK000075,NA,WHI,HONDA,NA,MOTORCYCLE,Y,77511,1,PROOF OF LIABILITY INSURANCE,"MOTORCYCLE, SCOOTER, MOPED, ETC. ONLY",DAMAGED 1 MINIMUM,12,NA,NA,NA,N,LAWRENCE WRECKER,3540 N GORDON,NONE,NA,NA,EAST,Y,0,1,0,0,0,1,0
14998985,2,MOTOR VEHICLE,N,N,TX,JH2SC45323M301514,2003,RED,HONDA,NA,MOTORCYCLE,N,77373,1,PROOF OF LIABILITY INSURANCE,BACK END DAMAGE CONCENTRATED IMPACT,DAMAGED 1 MINIMUM,6,DISTRIBUTED LEFT SIDE DAMAGE PARALLEL IMPACT,DAMAGED 1 MINIMUM,9,N,OWNER,OWNER RECOVERED OR RELEASE TO OWNER,NONE,NA,NA,WEST,Y,0,0,1,0,0,1,0
15140546,2,MOTOR VEHICLE,N,N,TX,JKBZXJF10DA000658,NA,WHI,KAWASAKI,NA,MOTORCYCLE,N,78249,2,NA,FRONT END DAMAGE DISTRIBUTED IMPACT,DAMAGED 1 MINIMUM,12,DISTRIBUTED RIGHT SIDE DAMAGE PARALLEL IMPACT,DAMAGED 2,3,N,TEXAS ROADSIDE SERVICE,GROWDON,FAULTY EVASIVE ACTION,FOLLOWED TOO CLOSELY,NA,NORTHWEST,Y,0,1,0,0,0,1,0
14998194,1,MOTOR VEHICLE,N,N,TX,1HD1FHW133Y729177,2003,WHI,HARLEY-DAVIDSON,NA,MOTORCYCLE,N,78101,1,PROOF OF LIABILITY INSURANCE,LEFT BACK QUARTER DAMAGE ANGULAR IMPACT,DAMAGED 2,9,RIGHT BACK QUARTER DAMAGE ANGULAR IMPACT,DAMAGED 2,3,N,PIT STOP TOWING,"RICKS TOWING, POTH TEXAS",DRIVER INATTENTION,FAILED TO CONTROL SPEED,NA,WEST,Y,0,0,1,0,0,1,0
15105604,2,MOTOR VEHICLE,N,N,TX,1HD1KBM14DB665196,NA,BLK,HARLEY-DAVIDSON,NA,MOTORCYCLE,N,78596,1,PROOF OF LIABILITY INSURANCE,BACK END DAMAGE CONCENTRATED IMPACT,DAMAGED 1 MINIMUM,6,FRONT END DAMAGE DISTRIBUTED IMPACT,DAMAGED 1 MINIMUM,12,N,HARLEY DAVIDSON DEALER,"3515 W EXPRESSWAY 83, SAN BENITO, TX",NONE,NA,NA,EAST,Y,1,0,0,0,0,1,0
15177832,1,MOTOR VEHICLE,N,N,TX,1HFSC3901YA201082,2000,BLK,HONDA,UNKNOWN,MOTORCYCLE,N,78753,2,NA,"MOTORCYCLE, SCOOTER, MOPED, ETC. ONLY",DAMAGED 1 MINIMUM,NA,NA,NA,NA,N,BLUEBONNET WRECKER,"1095 IH 35 BUS NEW BRAUNFELS,TX 78130",UNDER INFLUENCE - ALCOHOL,NA,NA,NORTH,Y,0,0,1,0,0,1,0
15000451,2,MOTOR VEHICLE,N,N,TX,1HD1CX31X7K429717,2007,BLU,HARLEY-DAVIDSON,UNKNOWN,MOTORCYCLE,N,77514,1,PROOF OF LIABILITY INSURANCE,"MOTORCYCLE, SCOOTER, MOPED, ETC. ONLY",DAMAGED 1 MINIMUM,NA,NA,NA,NA,N,FAMILY,"379 CROSSOVER RD ANAHUAC, TX 77514",NA,NA,FAILED TO SIGNAL OR GAVE WRONG SIGNAL,SOUTH,Y,1,0,0,0,0,1,0
15021507,2,MOTOR VEHICLE,N,N,TX,1HD1KB43X7Y600582,2007,BLU,HARLEY-DAVIDSON,NA,MOTORCYCLE,N,76107,1,PROOF OF LIABILITY INSURANCE,BACK END DAMAGE DISTRIBUTED IMPACT,DAMAGED 1 MINIMUM,6,NA,NA,NA,N,AA WRECKER,5709 B DENTON HIGHWAY,NONE,NA,NA,EAST,Y,0,0,2,0,0,2,0
15094995,2,MOTOR VEHICLE,N,N,TX,JH2AF5816EK203863,NA,BLK,HONDA,NA,MOTORCYCLE,N,77840,1,PROOF OF LIABILITY INSURANCE,"MOTORCYCLE, SCOOTER, MOPED, ETC. ONLY",DAMAGED 1 MINIMUM,4,NA,NA,NA,N,,,NONE,NA,NA,SOUTHEAST,Y,0,0,0,1,0,0,0
15002393,1,MOTOR VEHICLE,N,N,TX,WB10179089ZW16589,NA,RED,BMW,UNKNOWN,MOTORCYCLE,N,78741,1,PROOF OF LIABILITY INSURANCE,"MOTORCYCLE, SCOOTER, MOPED, ETC. ONLY",DAMAGED 1 MINIMUM,NA,NA,NA,NA,Y,HILL COUNTRY WRECKER 830 693 3226,"1239 HWY 1431, MARBLE FALLS, TX, 78654",UNSAFE SPEED,FLEEING OR EVADING POLICE,NA,SOUTH,Y,1,0,0,0,0,1,0
15008051,2,MOTOR VEHICLE,N,N,TX,1HD1KBM11EB681101,NA,BLK,HARLEY-DAVIDSON,NA,MOTORCYCLE,N,77084,1,PROOF OF LIABILITY INSURANCE,"MOTORCYCLE, SCOOTER, MOPED, ETC. ONLY",DAMAGED 1 MINIMUM,NA,NA,NA,NA,N,,,NONE,NA,NA,NORTH,Y,0,1,0,0,0,1,0
15023070,1,MOTOR VEHICLE,N,N,TX,1HD1JBB161Y066556,2001,BLK,HARLEY-DAVIDSON,UNKNOWN,MOTORCYCLE,N,75755,1,PROOF OF LIABILITY INSURANCE,"MOTORCYCLE, SCOOTER, MOPED, ETC. ONLY",DAMAGED 1 MINIMUM,NA,NA,NA,NA,N,,,UNDER INFLUENCE - ALCOHOL,DISREGARD STOP SIGN OR LIGHT,NA,WEST,Y,1,0,0,0,0,1,0
15089542,2,MOTOR VEHICLE,N,N,TX,ZAPM459L295008373,NA,RED,VESPA,UNKNOWN,MOTORCYCLE,N,77004,1,PROOF OF LIABILITY INSURANCE,"MOTORCYCLE, SCOOTER, MOPED, ETC. ONLY",DAMAGED 1 MINIMUM,NA,NA,NA,NA,N,ELITE COLLISION,1733 ENNIS,NONE,NA,NA,SOUTH,Y,0,0,1,0,0,1,0
15101416,2,MOTOR VEHICLE,N,N,TX,56KMSA006G3110569,NA,RED,INDIAN,NA,MOTORCYCLE,N,79371,1,PROOF OF LIABILITY INSURANCE,FRONT END DAMAGE CONCENTRATED IMPACT,DAMAGED 3,12,NA,NA,NA,N,ALLWAYS TOWING,805 E. HWY 84,NONE,NA,NA,EAST,Y,0,1,0,0,0,1,0
15087444,2,MOTOR VEHICLE,N,N,TX,JYARJ16E49A016069,NA,ONG,YAMAHA,UNKNOWN,MOTORCYCLE,N,77357,2,NA,"MOTORCYCLE, SCOOTER, MOPED, ETC. ONLY",DAMAGED 1 MINIMUM,12,NA,NA,NA,N,,,NA,NA,SPEEDING - (OVERLIMIT),NORTH,Y,0,1,0,0,0,1,0
15125676,1,MOTOR VEHICLE,N,N,TX,1HD1FRW302Y652368,2002,BLK,HARLEY-DAVIDSON,NA,MOTORCYCLE,N,79072,1,LIABILITY INSURANCE POLICY,DISTRIBUTED RIGHT SIDE DAMAGE PARALLEL IMPACT,DAMAGED 1 MINIMUM,1,NA,NA,NA,N,RELEASED,RELEASED,FAILED TO YIELD ROW - STOP SIGN,DRIVER INATTENTION,NA,SOUTH,Y,0,0,0,1,0,0,0
15004311,1,MOTOR VEHICLE,N,N,TX,1HD1GP1166K314540,2006,BLK,HARLEY-DAVIDSON,UNKNOWN,MOTORCYCLE,N,77379,1,PROOF OF LIABILITY INSURANCE,"MOTORCYCLE, SCOOTER, MOPED, ETC. ONLY",DAMAGED 1 MINIMUM,6,NA,NA,NA,N,OWNER,OWNERS REQUEST,NONE,NA,NA,EAST,Y,0,1,0,0,0,1,0
15050067,1,MOTOR VEHICLE,N,N,TX,JKAEXMF16RA040450,1994,BLK,KAWASAKI,UNKNOWN,MOTORCYCLE,N,78747,1,LIABILITY INSURANCE POLICY,FRONT END DAMAGE CONCENTRATED IMPACT,DAMAGED 6,12,DISTRIBUTED LEFT SIDE DAMAGE PARALLEL IMPACT,DAMAGED 6,9,N,ROCHAS TOWING SERVICE,ROCHAS TOWING SERVICE,NONE,NA,NA,EAST,Y,0,0,1,0,0,1,0
15126540,1,MOTOR VEHICLE,N,N,TX,1HD1FB41XAB628928,NA,MUL,HARLEY-DAVIDSON,UNKNOWN,MOTORCYCLE,N,76655,1,PROOF OF LIABILITY INSURANCE,"MOTORCYCLE, SCOOTER, MOPED, ETC. ONLY",DAMAGED 1 MINIMUM,NA,NA,NA,NA,Y,BIG BOY'S WRECKER 254-662-3031,"415 S. ROBINSON DR., WACO, TX 76706",UNDER INFLUENCE - ALCOHOL,NA,NA,SOUTH,Y,1,0,0,0,0,1,0
15042053,2,MOTOR VEHICLE,N,N,TX,1HD1KBM1XGB647127,NA,BLK,HARLEY-DAVIDSON,NA,MOTORCYCLE,N,77375,2,NA,"MOTORCYCLE, SCOOTER, MOPED, ETC. ONLY",DAMAGED 1 MINIMUM,NA,NA,NA,NA,N,FAST TOW,2305 LYONS,NONE,NA,NA,EAST,Y,0,0,1,0,0,1,0
15044779,1,MOTOR VEHICLE,N,N,TX,1HD4CFM10RY221027,1994,BLU,HARLEY-DAVIDSON,UNKNOWN,MOTORCYCLE,N,75929,2,NA,"MOTORCYCLE, SCOOTER, MOPED, ETC. ONLY",DAMAGED 1 MINIMUM,11,NA,NA,NA,N,,,NONE,NA,NA,WEST,Y,0,0,1,0,0,1,0
15033863,1,MOTOR VEHICLE,N,N,TX,JH2RC50438K410393,NA,SIL,HONDA,UNKNOWN,MOTORCYCLE,N,76258,1,PROOF OF LIABILITY INSURANCE,FRONT END DAMAGE DISTRIBUTED IMPACT,NO DAMAGE,12,"MOTORCYCLE, SCOOTER, MOPED, ETC. ONLY",DAMAGED 1 MINIMUM,NA,N,BRAD'S TOWING,"1630 RIVERVIEW DRIVE, LEWISVILLE, TEXAS",FOLLOWED TOO CLOSELY,FAILED TO CONTROL SPEED,NA,NORTHWEST,Y,1,0,0,0,0,1,0
15043102,1,MOTOR VEHICLE,N,N,TX,JYA5AHE0XWA009362,1998,WHI,YAMAHA,NA,MOTORCYCLE,N,76501,2,NA,"MOTORCYCLE, SCOOTER, MOPED, ETC. ONLY",DAMAGED 1 MINIMUM,3,NA,NA,NA,N,,,FAILED TO CONTROL SPEED,FAILED TO DRIVE IN SINGLE LANE,DRIVER INATTENTION,SOUTHWEST,Y,0,1,0,0,0,1,0
15002977,2,MOTOR VEHICLE,N,N,TX,JKAEXEE17DDA11668,NA,WHI,KAWASAKI,UNKNOWN,MOTORCYCLE,N,77584,1,PROOF OF LIABILITY INSURANCE,NA,NA,NA,NA,NA,NA,Y,S & S WRECKER SERVICE,11440 FM 1960 EAST,NONE,NA,NA,WEST,Y,0,0,0,1,0,0,0
15015780,1,MOTOR VEHICLE,N,N,TX,JYARN17E97A004032,2007,WHI,YAMAHA,NA,MOTORCYCLE,N,78748,1,LIABILITY INSURANCE POLICY,RIGHT SIDE DAMAGE ANGULAR IMPACT,DAMAGED 2,3,NA,NA,NA,Y,SPECIAL AUTOMOTIVE SERVICE INC,SPECIAL AUTOMOTIVE SERVICE INC,ANIMAL ON ROAD- DOMESTIC,FAULTY EVASIVE ACTION,NA,WEST,Y,0,0,1,0,0,1,0
15126692,2,MOTOR VEHICLE,N,N,TX,JYARM06EXGA006239,NA,SIL,YAMAHA,NA,MOTORCYCLE,N,78382,1,PROOF OF LIABILITY INSURANCE,FRONT END DAMAGE CONCENTRATED IMPACT,DAMAGED 3,12,NA,NA,NA,N,,,NONE,NA,NA,NORTH,Y,1,0,0,0,0,1,0
15201427,1,MOTOR VEHICLE,N,N,TX,JKBVNAP152A000820,2002,BLK,KAWASAKI,UNKNOWN,MOTORCYCLE,N,76522,1,PROOF OF LIABILITY INSURANCE,"MOTORCYCLE, SCOOTER, MOPED, ETC. ONLY",DAMAGED 1 MINIMUM,NA,NA,NA,NA,N,PHIL'S TOWING,"1803 W. HWY 190 COPPERAS COVE, TX 76522",NONE,NA,NA,EAST,Y,0,1,0,0,0,1,0
15227142,1,MOTOR VEHICLE,N,N,TX,,NA,WHI,YAMAHA,NA,MOTORCYCLE,N,78418,2,NA,"MOTORCYCLE, SCOOTER, MOPED, ETC. ONLY",DAMAGED 1 MINIMUM,3,"MOTORCYCLE, SCOOTER, MOPED, ETC. ONLY",DAMAGED 1 MINIMUM,3,N,APOLLO TOWING COMPANY,6342 HARWICK STREET CORPUS CHRISTI TX 78,OTHER (EXPLAIN IN NARRATIVE),NA,UNSAFE SPEED,WEST,Y,1,0,0,0,0,1,0
15245674,2,MOTOR VEHICLE,N,N,TX,JYHVM01E73A059092,2003,WHI,YAMAHA,UNKNOWN,MOTORCYCLE,N,79835,1,PROOF OF LIABILITY INSURANCE,RIGHT BACK QUARTER DAMAGE ANGULAR IMPACT,DAMAGED 2,5,NA,NA,NA,N,DRIVER,OFF ROADWAY,NONE,NA,NA,NORTH,Y,0,1,0,1,0,1,0
15203914,2,MOTOR VEHICLE,N,N,TX,SMT500PK86J253200,2006,BLK,NA,NA,MOTORCYCLE,N,77571,1,PROOF OF LIABILITY INSURANCE,FRONT END DAMAGE CONCENTRATED IMPACT,DAMAGED 2,12,NA,NA,NA,,ACTION TOWING,"827 W LEAGUE CITY PKWY, LEAGUE CITY",NONE,NA,NA,WEST,Y,0,1,0,0,0,1,0
15234435,1,MOTOR VEHICLE,N,N,TX,1HD1CZ3139K429220,NA,BLK,HARLEY-DAVIDSON,NA,MOTORCYCLE,N,75503,1,PROOF OF LIABILITY INSURANCE,LEFT SIDE DAMAGE ANGULAR IMPACT,DAMAGED 2,9,BACK END DAMAGE CONCENTRATED IMPACT,DAMAGED 2,6,N,BUBBA GREEN'S TOWING,415 S. LAKE DR.,FAILED TO CONTROL SPEED,NA,NA,WEST,Y,0,0,1,0,0,1,0
15251167,1,MOTOR VEHICLE,N,N,TX,1HFSC55065A100343,2005,BLU,HONDA,NA,MOTORCYCLE,N,75249,1,PROOF OF LIABILITY INSURANCE,RIGHT SIDE AND TOP DAMAGE ROLLOVER EFFECTS,DAMAGED 2,3,NA,NA,NA,N,WYATTS TOWING,"1123 W. INDUSTRIAL SULPHUR SPRINGS, TX",UNSAFE SPEED,OTHER (EXPLAIN IN NARRATIVE),NA,SOUTHEAST,Y,0,1,0,0,0,1,0
15172543,2,MOTOR VEHICLE,N,N,TX,JS1GX72A892102277,NA,BLK,SUZUKI,UNKNOWN,MOTORCYCLE,N,77414,1,PROOF OF LIABILITY INSURANCE,BACK END (RIGHT) DAMAGE PARTIAL CONTACT,DAMAGED 2,5,NA,NA,NA,N,,,NONE,NA,NA,WEST,Y,0,0,1,0,0,1,0
15175697,1,MOTOR VEHICLE,N,N,TX,,NA,BLK,HONDA,NA,MOTORCYCLE,N,77082,2,NA,"MOTORCYCLE, SCOOTER, MOPED, ETC. ONLY",DAMAGED 1 MINIMUM,NA,NA,NA,NA,Y,,,NONE,NA,NA,WEST,Y,1,0,0,0,0,1,0
15192643,1,MOTOR VEHICLE,N,N,TX,JH2505946BK300255,NA,RED,HONDA,NA,MOTORCYCLE,N,77080,1,PROOF OF LIABILITY INSURANCE,"MOTORCYCLE, SCOOTER, MOPED, ETC. ONLY",DAMAGED 1 MINIMUM,NA,NA,NA,NA,N,ALLIED COLLISION CENTER,9520 S. KIRKWOOD RD,NA,NA,DISREGARD STOP AND GO SIGNAL,SOUTH,Y,0,0,2,0,0,2,0
15164226,1,MOTOR VEHICLE,N,N,TX,SMT600FS83J176992,2003,SIL,NA,NA,MOTORCYCLE,N,75067,1,PROOF OF LIABILITY INSURANCE,FRONT END DAMAGE DISTRIBUTED IMPACT,DAMAGED 3,12,NA,NA,NA,N,PRO-TOW,1006 E MAIN ST LEWISVILLE TX,FAILED TO STOP FOR TRAIN,SPEEDING - (OVERLIMIT),NA,NORTH,Y,1,0,0,0,0,1,0
15228959,2,MOTOR VEHICLE,N,N,TX,1HD1JA5117Y038579,2007,BLU,HARLEY-DAVIDSON,NA,MOTORCYCLE,N,76692,1,LIABILITY INSURANCE POLICY,FRONT END DAMAGE DISTRIBUTED IMPACT,DAMAGED 3,12,NA,NA,NA,N,LONESTAR,,NONE,NA,NA,NORTH,Y,1,0,0,0,0,1,0
15287822,1,MOTOR VEHICLE,N,N,TX,JH2PF0146BK800038,NA,BLK,HONDA,NA,MOTORCYCLE,N,78238,1,PROOF OF LIABILITY INSURANCE,DISTRIBUTED LEFT SIDE DAMAGE PARALLEL IMPACT,DAMAGED 2,9,NA,NA,NA,N,,,NONE,NA,NA,EAST,Y,0,0,0,1,0,0,0
15157596,1,MOTOR VEHICLE,N,N,TX,WB10D2108GZ353538,NA,BLK,BMW,NA,MOTORCYCLE,N,77016,1,PROOF OF LIABILITY INSURANCE,"MOTORCYCLE, SCOOTER, MOPED, ETC. ONLY",DAMAGED 1 MINIMUM,1,"MOTORCYCLE, SCOOTER, MOPED, ETC. ONLY",DAMAGED 1 MINIMUM,3,N,CHALLENGER TOWING,8000 OLD GALVESTON RD,UNSAFE SPEED,NA,FAILED TO CONTROL SPEED,SOUTH,Y,0,1,0,0,0,1,0
15236564,2,MOTOR VEHICLE,N,N,TX,19ZSS21A0WR001302,1998,BLK,HARLEY-DAVIDSON,NA,MOTORCYCLE,N,79935,1,PROOF OF LIABILITY INSURANCE,LEFT SIDE DAMAGE ANGULAR IMPACT,DAMAGED 5,9,RIGHT BACK QUARTER DAMAGE ANGULAR IMPACT,DAMAGED 5,4,Y,AD WRECKER,11615 RAILROAD,NONE,NA,NA,NORTH,Y,0,0,0,0,0,0,1