CRASH_ID,UNIT_NBR,UNIT_DESC_ID,VEH_PARKED_FL,VEH_HNR_FL,VEH_LIC_STATE_ID,VIN,VEH_MOD_YEAR,VEH_COLOR_ID,VEH_MAKE_ID,VEH_MOD_ID,VEH_BODY_STYL_ID,EMER_RESPNDR_FL,OWNR_ZIP,FIN_RESP_PROOF_ID,FIN_RESP_TYPE_ID,VEH_DMAG_AREA_1_ID,VEH_DMAG_SCL_1_ID,FORCE_DIR_1_ID,VEH_DMAG_AREA_2_ID,VEH_DMAG_SCL_2_ID,FORCE_DIR_2_ID,VEH_INVENTORIED_FL,VEH_TRANSP_NAME,VEH_TRANSP_DEST,CONTRIB_FACTR_1_ID,CONTRIB_FACTR_2_ID,CONTRIB_FACTR_P1_ID,VEH_TRVL_DIR_ID,FIRST_HARM_EVT_INV_ID,INCAP_INJRY_CNT,NONINCAP_INJRY_CNT,POSS_INJRY_CNT,NON_INJRY_CNT,UNKN_INJRY_CNT,TOT_INJRY_CNT,DEATH_CNT
15266801,1,MOTOR VEHICLE,N,N,TX,1HD4CR218BC444939,NA,NA,HARLEY-DAVIDSON,NA,MOTORCYCLE,N,78745,2,NA,FRONT END DAMAGE DISTRIBUTED IMPACT,DAMAGED 4,12,NA,NA,NA,N,HARPERS TOWING SERVICE INC,HARPERS TOWING SERVICE INC,NONE,NA,NA,WEST,Y,0,0,0,1,0,0,0
15304625,2,MOTOR VEHICLE,N,N,TX,1HD1LC313GC434387,NA,BLK,HARLEY-DAVIDSON,NA,MOTORCYCLE,N,77656,1,PROOF OF LIABILITY INSURANCE,DISTRIBUTED RIGHT SIDE DAMAGE PARALLEL IMPACT,DAMAGED 1 MINIMUM,3,NA,NA,NA,N,SELF,DRIVEN AWAY,NONE,NA,NA,SOUTH,Y,0,1,0,0,0,1,0
15164206,1,MOTOR VEHICLE,N,Y,TX,JH2PC370X6M302269,2006,BLK,HONDA,NA,MOTORCYCLE,Y,77077,2,NA,LEFT SIDE DAMAGE ANGULAR IMPACT,DAMAGED 4,9,RIGHT SIDE DAMAGE ANGULAR IMPACT,DAMAGED 4,3,N,EXPRO COLLISION,1700 BRITTMORE,CHANGED LANE WHEN UNSAFE,FAILED TO CONTROL SPEED,NA,WEST,Y,0,1,0,0,0,1,0
15195384,1,MOTOR VEHICLE,N,N,TX,JYAVP14E02A004362,2002,PLE,YAMAHA,NA,MOTORCYCLE,N,78577,1,LIABILITY INSURANCE POLICY,RIGHT FRONT QUARTER DAMAGE ANGULAR IMPACT,DAMAGED 2,2,RIGHT BACK QUARTER DAMAGE ANGULAR IMPACT,DAMAGED 2,5,N,DRIVERS RELATIVE,604 W. ALBATROSS PHARR TX 78577,FAULTY EVASIVE ACTION,NA,ANIMAL ON ROAD- DOMESTIC,EAST,Y,1,0,0,0,0,1,0
15254690,1,MOTOR VEHICLE,N,N,TX,1HD4CJM161K116101,2001,YEL,HARLEY-DAVIDSON,UNKNOWN,MOTORCYCLE,N,75497,1,PROOF OF LIABILITY INSURANCE,RIGHT FRONT QUARTER DAMAGE ANGULAR IMPACT,DAMAGED 1 MINIMUM,2,NA,NA,NA,N,RODNEY ELLIS 903-714-6473,444 CR 1895 YANTIS TX,UNSAFE SPEED,NA,NA,SOUTHEAST,Y,0,1,0,0,0,1,0
15174773,1,MOTOR VEHICLE,N,N,TX,1HD1GHV193K300613,2003,BLK,HARLEY-DAVIDSON,UNKNOWN,MOTORCYCLE,N,78654,1,PROOF OF LIABILITY INSURANCE,"MOTORCYCLE, SCOOTER, MOPED, ETC. ONLY",DAMAGED 1 MINIMUM,NA,NA,NA,NA,N,H&H WRECKER SERVICE,"604 AVE P MARBLE FALLS, TEXAS 78654",FAILED TO GIVE HALF OF ROADWAY,NA,IMPAIRED VISIBILITY (EXPLAIN IN NARRATIVE),NORTHWEST,Y,1,0,0,0,0,1,0
15226505,1,MOTOR VEHICLE,N,N,TX,JH2PC40087M000478,2007,WHI,HONDA,NA,MOTORCYCLE,N,75935,1,PROOF OF LIABILITY INSURANCE,FRONT END (RIGHT)  DAMAGE PARTIAL CONTACT,DAMAGED 2,1,NA,NA,NA,N,,,UNSAFE SPEED,OTHER (EXPLAIN IN NARRATIVE),NA,SOUTHWEST,Y,0,0,1,0,0,1,0
15234755,1,MOTOR VEHICLE,N,N,NA,JHFSC46E76A402861,2006,GRY,HONDA,UNKNOWN,MOTORCYCLE,N,76240,1,PROOF OF LIABILITY INSURANCE,"MOTORCYCLE, SCOOTER, MOPED, ETC. ONLY",DAMAGED 1 MINIMUM,NA,NA,NA,NA,N,GILBERT'S WRECKER SVC - U.S. 82,GILBERT'S STORAGE FACILITY - GAINESVILLE,UNSAFE SPEED,NA,HAD BEEN DRINKING,NORTH,Y,1,0,0,0,0,1,0
15152122,2,MOTOR VEHICLE,Y,N,TX,1HD1JRV19GB022907,NA,GRN,HARLEY-DAVIDSON,NA,MOTORCYCLE,N,78626,1,PROOF OF LIABILITY INSURANCE,FRONT END DAMAGE DISTRIBUTED IMPACT,DAMAGED 4,12,RIGHT SIDE DAMAGE ANGULAR IMPACT,DAMAGED 3,3,,,,OTHER (EXPLAIN IN NARRATIVE),NA,NA,WEST,Y,0,0,0,0,0,0,0
15158328,2,MOTOR VEHICLE,Y,N,TX,JKBZXJC125A010016,2005,BLU,KAWASAKI,NA,MOTORCYCLE,N,77503,1,LIABILITY INSURANCE POLICY,RIGHT FRONT QUARTER DAMAGE ANGULAR IMPACT,DAMAGED 1 MINIMUM,2,NA,NA,NA,N,RELEASED TO DRIVER,AT SCENE,NONE,NA,NA,SOUTH,Y,0,0,0,1,0,0,0
15186393,1,MOTOR VEHICLE,N,N,TX,1HD1FDV191Y618947,2001,BLK,HARLEY-DAVIDSON,UNKNOWN,MOTORCYCLE,N,79007,3,PROOF OF LIABILITY INSURANCE,"MOTORCYCLE, SCOOTER, MOPED, ETC. ONLY",DAMAGED 1 MINIMUM,NA,NA,NA,NA,N,WINKLER COUNTY TOWING,"WINKLER COUNTY TOWING, S. HWY 18 KERMIT,",FAILED TO CONTROL SPEED,DRIVER INATTENTION,NA,WEST,Y,0,0,0,1,0,0,0
15229398,3,MOTOR VEHICLE,N,N,TX,JYAVP11E27A094531,2007,GRY,YAMAHA,NA,MOTORCYCLE,N,76010,1,PROOF OF LIABILITY INSURANCE,"MOTORCYCLE, SCOOTER, MOPED, ETC. ONLY",DAMAGED 1 MINIMUM,6,NA,NA,NA,N,DRIVER,RELEASED,NONE,NA,NA,SOUTHEAST,N,0,0,0,1,0,0,0
15349329,2,MOTOR VEHICLE,N,N,TX,5VPXB36N5E3031121,NA,RED,VICTORY,NA,MOTORCYCLE,N,77450,1,PROOF OF LIABILITY INSURANCE,BACK END DAMAGE CONCENTRATED IMPACT,DAMAGED 2,6,BACK END DAMAGE DISTRIBUTED IMPACT,DAMAGED 2,6,N,GOLBOW'S WRECKER,"22423 LOST CREEK RD. KATY, TX 77450",NONE,NA,NA,SOUTH,Y,0,0,0,1,0,0,0
15174857,2,MOTOR VEHICLE,N,N,TX,1NXBR32E27Z900115,2007,BLK,HARLEY-DAVIDSON,UNKNOWN,MOTORCYCLE,N,77511,2,NA,"MOTORCYCLE, SCOOTER, MOPED, ETC. ONLY",DAMAGED 1 MINIMUM,NA,NA,NA,NA,N,"EASTSIDE, 281-431-0427","21105 MORRIS AVENUE, MANVEL, TX 77578",NONE,NA,NA,SOUTH,Y,1,0,0,0,0,1,0
15297174,1,MOTOR VEHICLE,N,N,TX,L5YACBPAXF1129123,NA,BLU,OTHER (EXPLAIN IN NARRATIVE),OTHER (EXPLAIN IN NARRATIVE),MOTORCYCLE,N,77840,1,LIABILITY INSURANCE POLICY,FRONT END DAMAGE DISTRIBUTED IMPACT,DAMAGED 3,12,LEFT BACK QUARTER DAMAGE ANGULAR IMPACT,DAMAGED 3,5,N,EXCEL,"1804 FINFEATHER, BRYAN",FAILED TO YIELD ROW - STOP SIGN,NA,NA,WEST,Y,0,1,0,0,0,1,0
15149433,2,MOTOR VEHICLE,N,N,TX,JKBVNAD17TA048292,1996,BLK,KAWASAKI,UNKNOWN,MOTORCYCLE,N,76901,1,PROOF OF LIABILITY INSURANCE,"MOTORCYCLE, SCOOTER, MOPED, ETC. ONLY",DAMAGED 1 MINIMUM,NA,NA,NA,NA,N,DRIVER,DRIVEN AWAY,NONE,NA,NA,EAST,Y,0,0,1,0,0,1,0
15244233,2,MOTOR VEHICLE,N,N,TX,1HD4LE219FC417392,NA,SIL,HARLEY-DAVIDSON,UNKNOWN,MOTORCYCLE,N,,1,PROOF OF LIABILITY INSURANCE,FRONT END DAMAGE DISTRIBUTED IMPACT,DAMAGED 1 MINIMUM,10,DISTRIBUTED LEFT SIDE DAMAGE PARALLEL IMPACT,DAMAGED 1 MINIMUM,7,N,DRIVER,TOWED AWAY BY OWNER,NONE,NA,NA,NORTH,Y,0,0,1,0,0,1,0
15250758,2,MOTOR VEHICLE,N,N,TX,1HD1GXM1XFC318595,NA,BLK,HARLEY-DAVIDSON,UNKNOWN,MOTORCYCLE,N,78539,1,PROOF OF LIABILITY INSURANCE,"MOTORCYCLE, SCOOTER, MOPED, ETC. ONLY",DAMAGED 1 MINIMUM,NA,NA,NA,NA,Y,LUNA'S WRECKER SERVICE,"1601 N. BICENTENNIAL BLVD IN MCALLEN, TX",NONE,NA,NA,NORTH,Y,1,0,0,0,0,1,0
15263063,3,MOTOR VEHICLE,Y,N,TX,1FTYR14EX1PA99665,2001,GRN,FORD,RANGER,POLICE MOTORCYCLE,N,79070,1,PROOF OF LIABILITY INSURANCE,FRONT END DAMAGE CONCENTRATED IMPACT,DAMAGED 1 MINIMUM,12,NA,NA,NA,N,,LEFT AT SCENE,NONE,NA,NA,SOUTH,N,0,0,0,0,0,0,0
15181802,1,MOTOR VEHICLE,N,N,TX,1U9S949503M085072,2003,RED,ULTRA LITE MFG,UNKNOWN,MOTORCYCLE,N,75088,1,PROOF OF LIABILITY INSURANCE,"MOTORCYCLE, SCOOTER, MOPED, ETC. ONLY",DAMAGED 1 MINIMUM,NA,NA,NA,NA,N,BUSTERS WRECKER SERVICE,303 W BROAD ST FORNEY TX 75126,UNSAFE SPEED,NA,NA,NORTHEAST,Y,1,0,0,0,0,1,0
15181210,2,MOTOR VEHICLE,N,N,TX,JKAVN2C188A017135,NA,RED,KAWASAKI,NA,MOTORCYCLE,N,75470,1,PROOF OF LIABILITY INSURANCE,BACK END DAMAGE CONCENTRATED IMPACT,DAMAGED 1 MINIMUM,6,NA,NA,NA,N,,,NONE,NA,NA,SOUTH,Y,0,0,0,1,0,0,0
15208517,2,MOTOR VEHICLE,N,N,TX,JH2SC6114AK000560,NA,BLU,HONDA,NA,MOTORCYCLE,N,76657,1,LIABILITY INSURANCE POLICY,RIGHT BACK QUARTER DAMAGE ANGULAR IMPACT,DAMAGED 1 MINIMUM,4,LEFT SIDE DAMAGE ANGULAR IMPACT,DAMAGED 1 MINIMUM,NA,N,TOW KING,"7901BAGBY , WACO TX",NONE,NA,NA,SOUTH,Y,0,1,0,0,0,1,0
15258469,2,MOTOR VEHICLE,N,N,TX,JH2PC2102VM800659,1997,BLK,HONDA,UNKNOWN,MOTORCYCLE,N,79763,1,PROOF OF LIABILITY INSURANCE,"MOTORCYCLE, SCOOTER, MOPED, ETC. ONLY",DAMAGED 1 MINIMUM,6,NA,NA,NA,N,,,NONE,NA,NA,WEST,Y,0,0,0,1,0,0,0
15147613,2,MOTOR VEHICLE,N,N,TX,1HD1JBB186Y079106,2006,BGE,HONDA,UNKNOWN,MOTORCYCLE,N,77433,1,PROOF OF LIABILITY INSURANCE,"MOTORCYCLE, SCOOTER, MOPED, ETC. ONLY",DAMAGED 1 MINIMUM,NA,NA,NA,NA,N,BY OWNER,MOVED TO PARKING LOT,NONE,NA,NA,WEST,Y,0,1,0,0,0,1,0
15155063,3,MOTOR VEHICLE,Y,N,TX,1HD1FMM17GB654679,NA,BLK,HARLEY-DAVIDSON,NA,POLICE MOTORCYCLE,Y,77002,1,PROOF OF LIABILITY INSURANCE,"MOTORCYCLE, SCOOTER, MOPED, ETC. ONLY",DAMAGED 1 MINIMUM,NA,NA,NA,NA,N,HPD SOLO DETAIL,4400 TELEPHONE RD.,NONE,NA,NA,SOUTH,N,0,0,0,1,0,0,0
15260322,2,MOTOR VEHICLE,Y,N,TX,GS750E25843,1978,MAR,SUZUKI,NA,MOTORCYCLE,N,,NA,NA,RIGHT BACK QUARTER DAMAGE ANGULAR IMPACT,DAMAGED 1 MINIMUM,4,LEFT FRONT QUARTER DAMAGE ANGULAR IMPACT,DAMAGED 1 MINIMUM,9,N,,,NONE,NA,NA,NORTH,Y,0,0,0,0,0,0,0
15169417,2,MOTOR VEHICLE,N,N,TX,JKBZXNA117A020548,2007,BLU,KAWASAKI,NA,MOTORCYCLE,N,78541,2,NA,"MOTORCYCLE, SCOOTER, MOPED, ETC. ONLY",DAMAGED 1 MINIMUM,12,NA,NA,NA,Y,LIGHTHING TOWING & RECOVERY,11360 EASTEX FRWY,NONE,NA,NA,NORTH,Y,0,0,1,0,0,1,0
15187217,2,MOTOR VEHICLE,N,N,TX,1HD1BW5188Y079254,NA,RED,HARLEY-DAVIDSON,NA,MOTORCYCLE,N,75061,1,PROOF OF LIABILITY INSURANCE,"MOTORCYCLE, SCOOTER, MOPED, ETC. ONLY",DAMAGED 1 MINIMUM,12,NA,NA,NA,N,,,NONE,NA,NA,EAST,Y,0,0,1,0,0,1,0
15247031,1,MOTOR VEHICLE,N,N,TX,1HD4CEM191K153487,2001,BLK,HARLEY-DAVIDSON,UNKNOWN,MOTORCYCLE,N,77327,1,PROOF OF LIABILITY INSURANCE,"MOTORCYCLE, SCOOTER, MOPED, ETC. ONLY",DAMAGED 1 MINIMUM,NA,NA,NA,NA,Y,EAST TEXAS TOWING 936-628-3206,"10598 SH 150, SHEPHERD, TX 77371",UNDER INFLUENCE - ALCOHOL,FAILED TO DRIVE IN SINGLE LANE,NA,EAST,Y,1,0,0,0,0,1,0
15264186,1,MOTOR VEHICLE,N,N,TX,1HD1CGP185K417766,2005,BLU,HARLEY-DAVIDSON,NA,MOTORCYCLE,N,76240,1,PROOF OF LIABILITY INSURANCE,"MOTORCYCLE, SCOOTER, MOPED, ETC. ONLY",DAMAGED 1 MINIMUM,12,NA,NA,NA,Y,KEMP''S TOWING  940-627-3347,"171 FM 2264, DECATUR 76234",UNSAFE SPEED,FAILED TO DRIVE IN SINGLE LANE,NA,SOUTHEAST,Y,1,0,0,0,0,1,0
15202052,2,MOTOR VEHICLE,N,N,TX,JKBVNCB1X3B517433,2003,RED,KAWASAKI,NA,MOTORCYCLE,N,79945,1,LIABILITY INSURANCE POLICY,FRONT END DAMAGE DISTRIBUTED IMPACT,NO DAMAGE,12,NA,NA,NA,N,,,NONE,NA,NA,SOUTH,Y,0,0,1,0,0,1,0
15228285,1,MOTOR VEHICLE,N,N,TX,1HD1FYW186Y608326,2006,BLU,HARLEY-DAVIDSON,UNKNOWN,MOTORCYCLE,N,76006,1,PROOF OF LIABILITY INSURANCE,"MOTORCYCLE, SCOOTER, MOPED, ETC. ONLY",DAMAGED 1 MINIMUM,NA,NA,NA,NA,N,KELLY MCKNIGHT WRECKER 817-265-1336,"1108  HARRISON AVE, ARLINGTON, TX, 76011",FOLLOWED TOO CLOSELY,NA,DRIVER INATTENTION,NORTH,Y,0,0,0,1,0,0,0
15148282,2,MOTOR VEHICLE,N,N,TX,JS1GR7GA962100780,2006,BLK,SUZUKI,UNKNOWN,MOTORCYCLE,N,79226,1,PROOF OF LIABILITY INSURANCE,"MOTORCYCLE, SCOOTER, MOPED, ETC. ONLY",DAMAGED 1 MINIMUM,NA,NA,NA,NA,Y,MITCHEM WRECKER SERVICE,"3000 N. HIGHWAY 87, BIG SPRING, TEXAS",NONE,NA,NA,SOUTH,Y,1,0,0,0,0,1,0
15184211,2,MOTOR VEHICLE,Y,N,TX,5VPDW36N8E3034778,NA,NA,UNKNOWN,UNKNOWN,MOTORCYCLE,Y,77459,1,PROOF OF LIABILITY INSURANCE,INVALID VALUE,DAMAGED 1 MINIMUM,6,NA,NA,NA,N,QUALITY PAINT AND BODY,"1522 TEXAS PARKWAY, MISSOURI CITY, TX 77",NONE,NA,NA,WEST,Y,0,0,0,0,0,0,0
15193644,2,MOTOR VEHICLE,N,N,TX,JYAVP11E13A048506,2003,BLU,YAMAHA,NA,MOTORCYCLE,N,,1,PROOF OF LIABILITY INSURANCE,FRONT END DAMAGE DISTRIBUTED IMPACT,DAMAGED 5,12,NA,NA,NA,N,LUBBOCK WRECKER,LUBBOCK WRECKER  3209 SLATON HWY   806-7,NONE,NA,NA,SOUTH,Y,0,1,0,0,0,1,0
15215129,2,MOTOR VEHICLE,N,N,TX,JH2SC6609AK000862,NA,BLK,HONDA,NA,MOTORCYCLE,N,77627,2,NA,NA,NA,NA,NA,NA,NA,N,,,NONE,NA,NA,NORTH,Y,0,0,1,1,0,1,0
15194742,1,MOTOR VEHICLE,N,N,TX,1HD1JA5317Y014445,2007,BLK,HARLEY-DAVIDSON,NA,MOTORCYCLE,N,75771,1,PROOF OF LIABILITY INSURANCE,NA,NA,NA,NA,NA,NA,N,,,NONE,NA,NA,NORTH,Y,0,0,0,1,0,0,0
15205719,2,MOTOR VEHICLE,N,N,NC,1HD1BJL1XHY010510,1998,BLK,HARLEY-DAVIDSON,UNKNOWN,MOTORCYCLE,N,28036-9505,1,LIABILITY INSURANCE POLICY,RIGHT SIDE DAMAGE ANGULAR IMPACT,DAMAGED 5,3,NA,NA,NA,Y,HD WRECKER,HD WRECKER,NONE,NA,NA,NORTH,Y,1,0,0,0,0,1,0
15158937,2,MOTOR VEHICLE,N,N,NA,JH2AB020XVK603973,1997,WHI,HONDA,NA,MOTORCYCLE,N,76687,2,NA,"MOTORCYCLE, SCOOTER, MOPED, ETC. ONLY",DAMAGED 1 MINIMUM,NA,NA,NA,NA,Y,CLASSIC PAINT & BODY,"802 S MCKINNEY, MEXIA, TX 76667",DISREGARD STOP SIGN OR LIGHT,NA,NA,NORTH,Y,1,0,0,0,0,1,0
15189147,1,MOTOR VEHICLE,N,N,OH,JKAEXEA1X7A022480,2007,WHI,SUZUKI,NA,MOTORCYCLE,N,77489,2,NA,"MOTORCYCLE, SCOOTER, MOPED, ETC. ONLY",DAMAGED 1 MINIMUM,NA,NA,NA,NA,N,,,NONE,NA,NA,WEST,Y,0,1,0,0,0,1,0
15154979,1,MOTOR VEHICLE,N,N,TX,JYAVP11E42A025381,2002,BLK,YAMAHA,UNKNOWN,MOTORCYCLE,N,77044,1,PROOF OF LIABILITY INSURANCE,FRONT END DAMAGE DISTRIBUTED IMPACT,DAMAGED 4,NA,NA,NA,NA,Y,RAMS TOWING #617,11360 EASTEX FRWY,NONE,NA,NA,WEST,Y,1,0,0,0,0,1,0
15207303,1,MOTOR VEHICLE,N,N,TX,JKBVNKA137A024443,2007,RED,KAWASAKI,NA,MOTORCYCLE,N,77665,1,LIABILITY INSURANCE POLICY,DISTRIBUTED LEFT SIDE DAMAGE PARALLEL IMPACT,DAMAGED 2,11,RIGHT SIDE DAMAGE ANGULAR IMPACT,DAMAGED 2,1,N,K AND K,DRIVERS TRAILER,OTHER (EXPLAIN IN NARRATIVE),NA,DRIVER INATTENTION,SOUTHEAST,Y,0,0,1,0,0,1,0
15209513,2,MOTOR VEHICLE,N,N,TX,5KMMSG2PX67001970,2006,RED,UNKNOWN,UNKNOWN,MOTORCYCLE,N,78041,2,NA,"MOTORCYCLE, SCOOTER, MOPED, ETC. ONLY",DAMAGED 1 MINIMUM,12,NA,NA,NA,N,OWNER,1013 WILLOW ST,NONE,NA,NA,WEST,Y,0,1,0,0,0,1,0
15225183,1,MOTOR VEHICLE,N,N,TX,1HFSC3206TA100008,1996,RED,HONDA,UNKNOWN,MOTORCYCLE,N,76470,1,PROOF OF LIABILITY INSURANCE,"MOTORCYCLE, SCOOTER, MOPED, ETC. ONLY",DAMAGED 1 MINIMUM,NA,NA,NA,NA,N,AA WRECKER,5709 B DENTON HIGHWAY,UNDER INFLUENCE - ALCOHOL,UNSAFE SPEED,NA,EAST,Y,1,0,0,0,0,1,0
15263040,1,MOTOR VEHICLE,N,N,TX,JKAKZBL13DA000891,1983,PLE,KAWASAKI,UNKNOWN,MOTORCYCLE,N,79013,1,LIABILITY INSURANCE POLICY,RIGHT SIDE DAMAGE ANGULAR IMPACT,DAMAGED 2,3,NA,NA,NA,N,OWNER,DRIVEN AWAY,ANIMAL ON ROAD- DOMESTIC,NA,NA,EAST,Y,0,1,0,0,0,1,0
15185163,2,MOTOR VEHICLE,N,N,TX,JH2KF0109FK003196,1985,GRY,HONDA,NA,MOTORCYCLE,N,79311,2,NA,"MOTORCYCLE, SCOOTER, MOPED, ETC. ONLY",DAMAGED 1 MINIMUM,12,NA,NA,NA,N,INDEPENDENT WRECKER,"13807 CR 1420 #3 WOLFFORTH, TX",NONE,NA,NA,EAST,Y,0,1,0,0,0,1,0
15164065,2,MOTOR VEHICLE,N,N,TX,KM4MJ5279C1700732,NA,WHI,HYOSUNG,NA,MOTORCYCLE,N,79907,1,PROOF OF LIABILITY INSURANCE,FRONT END DAMAGE CONCENTRATED IMPACT,DAMAGED 2,12,NA,NA,NA,N,OWNER,LEFT LEGALLY PARKED,NONE,NA,NA,SOUTH,Y,0,0,0,1,0,0,0
15210163,1,MOTOR VEHICLE,N,N,TX,1HD1GM4179K303822,NA,SIL,HARLEY-DAVIDSON,NA,MOTORCYCLE,N,,1,PROOF OF LIABILITY INSURANCE,"MOTORCYCLE, SCOOTER, MOPED, ETC. ONLY",DAMAGED 1 MINIMUM,12,NA,NA,NA,N,DALE MULLEN,PRIVATE TOW,FAILED TO CONTROL SPEED,NA,NA,NORTH,N,0,1,0,0,0,1,0
15188330,1,MOTOR VEHICLE,N,N,TX,1HD1FFW1X3Y631851,2003,BLU,HARLEY-DAVIDSON,NA,MOTORCYCLE,N,79412,1,PROOF OF LIABILITY INSURANCE,FRONT END DAMAGE DISTRIBUTED IMPACT,DAMAGED 1 MINIMUM,12,DISTRIBUTED RIGHT SIDE DAMAGE PARALLEL IMPACT,DAMAGED 3,3,N,PERSONAL CONVEYANCE,,UNDER INFLUENCE - ALCOHOL,FAILED TO CONTROL SPEED,NA,NORTH,Y,1,0,0,0,0,1,0
15216860,2,MOTOR VEHICLE,N,N,OK,1HD1BX5197Y054948,2007,SIL,HARLEY-DAVIDSON,UNKNOWN,MOTORCYCLE,N,74726,1,PROOF OF LIABILITY INSURANCE,FRONT END DAMAGE DISTRIBUTED IMPACT,DAMAGED 3,NA,NA,NA,NA,N,,,DRIVER INATTENTION,FAILED TO CONTROL SPEED,NA,EAST,N,0,0,1,0,0,1,0
15224671,1,MOTOR VEHICLE,N,N,TX,1HD1FVW106Y601885,2006,BLK,HARLEY-DAVIDSON,NA,MOTORCYCLE,N,75201,1,PROOF OF LIABILITY INSURANCE,"MOTORCYCLE, SCOOTER, MOPED, ETC. ONLY",DAMAGED 1 MINIMUM,12,NA,NA,NA,,CONTRACT WRECKER,"1955 VILBIG, DALLAS, TEXAS",SPEEDING - (OVERLIMIT),NA,HAD BEEN DRINKING,SOUTHWEST,Y,0,0,1,0,0,1,0
15240677,1,MOTOR VEHICLE,N,N,TX,JKAEXEE15CDA02014,NA,BLK,KAWASAKI,NA,MOTORCYCLE,N,78201,1,LIABILITY INSURANCE POLICY,LEFT SIDE DAMAGE ANGULAR IMPACT,DAMAGED 3,9,RIGHT SIDE DAMAGE ANGULAR IMPACT,DAMAGED 2,3,N,DRIVEN HOME,DRIVER 1,NONE,NA,NA,EAST,Y,0,0,1,0,0,1,0
15186745,2,MOTOR VEHICLE,N,N,TX,1HD1GM41X8K324825,NA,BLK,HARLEY-DAVIDSON,NA,MOTORCYCLE,N,77340,1,PROOF OF LIABILITY INSURANCE,"MOTORCYCLE, SCOOTER, MOPED, ETC. ONLY",DAMAGED 1 MINIMUM,NA,NA,NA,NA,N,OWNER,"3145  HWY 19 S., HUNTSVILLE, TX",NONE,NA,NA,NORTH,Y,0,1,0,0,0,1,0
15207888,1,MOTOR VEHICLE,N,N,TX,1HD1CHP1PWY215443,1998,BLK,HARLEY-DAVIDSON,UNKNOWN,MOTORCYCLE,N,75956,2,NA,FRONT END (LEFT) DAMAGE PARTIAL CONTACT,DAMAGED 3,11,NA,NA,NA,N,CHUCKS 409-832-8228,"2945 BLANCHETTE ST, BEAUMONT, TX 77701",UNSAFE SPEED,NA,NA,WEST,Y,0,1,0,0,0,1,0
15245906,2,MOTOR VEHICLE,N,N,TX,1HD1GX419DC321145,NA,BLK,HARLEY-DAVIDSON,UNKNOWN,MOTORCYCLE,N,75751,1,PROOF OF LIABILITY INSURANCE,FRONT END DAMAGE DISTRIBUTED IMPACT,DAMAGED 1 MINIMUM,12,NA,NA,NA,N,ATHENS WRECKER,711 N. PROAIRIEVILLE STREET ATHENS TEXAS,NONE,NA,NA,WEST,Y,0,1,0,0,0,1,0
15174741,2,MOTOR VEHICLE,Y,N,TX,1HD1JS910GB016995,NA,BLK,HARLEY-DAVIDSON,UNKNOWN,MOTORCYCLE,N,78541,2,NA,RIGHT BACK QUARTER DAMAGE ANGULAR IMPACT,DAMAGED 1 MINIMUM,2,NA,NA,NA,N,,,NONE,NA,NA,NORTH,Y,0,0,0,0,0,0,0
15187669,2,MOTOR VEHICLE,N,N,TX,1HD1JPV18DB030884,NA,GRN,HARLEY-DAVIDSON,NA,MOTORCYCLE,N,79904,1,PROOF OF LIABILITY INSURANCE,BACK END DAMAGE CONCENTRATED IMPACT,DAMAGED 1 MINIMUM,6,NA,NA,NA,N,PRIVATE TOW,8949 ROBERT DR #7,NONE,NA,NA,NORTHWEST,Y,0,0,0,1,0,0,0
15242539,1,MOTOR VEHICLE,N,N,TX,5VPTB16D943001337,2004,MUL,VICTORY,UNKNOWN,MOTORCYCLE,N,75009,1,PROOF OF LIABILITY INSURANCE,"MOTORCYCLE, SCOOTER, MOPED, ETC. ONLY",DAMAGED 1 MINIMUM,NA,NA,NA,NA,Y,POLANSKY'S WRECKER,"309 EAST OAK ST, WEST TX 76691",UNDER INFLUENCE - ALCOHOL,CHANGED LANE WHEN UNSAFE,NA,NORTH,Y,0,1,0,0,0,1,0
15190842,1,MOTOR VEHICLE,N,N,TX,1HD1BWB146Y095064,2006,WHI,HARLEY-DAVIDSON,NA,MOTORCYCLE,N,78613,1,PROOF OF LIABILITY INSURANCE,"MOTORCYCLE, SCOOTER, MOPED, ETC. ONLY",DAMAGED 1 MINIMUM,2,NA,NA,NA,N,,,DRIVER INATTENTION,FOLLOWED TOO CLOSELY,NA,SOUTHEAST,Y,0,1,0,0,0,1,0
15234838,1,MOTOR VEHICLE,N,N,TX,1HD1KTM16FB605574,NA,ONG,HARLEY-DAVIDSON,NA,MOTORCYCLE,N,77067,1,LIABILITY INSURANCE POLICY,"MOTORCYCLE, SCOOTER, MOPED, ETC. ONLY",DAMAGED 1 MINIMUM,12,NA,NA,NA,N,,,FAILED TO CONTROL SPEED,NA,NA,WEST,Y,0,0,0,1,0,0,0