CRASH_ID,UNIT_NBR,UNIT_DESC_ID,VEH_PARKED_FL,VEH_HNR_FL,VEH_LIC_STATE_ID,VIN,VEH_MOD_YEAR,VEH_COLOR_ID,VEH_MAKE_ID,VEH_MOD_ID,VEH_BODY_STYL_ID,EMER_RESPNDR_FL,OWNR_ZIP,FIN_RESP_PROOF_ID,FIN_RESP_TYPE_ID,VEH_DMAG_AREA_1_ID,VEH_DMAG_SCL_1_ID,FORCE_DIR_1_ID,VEH_DMAG_AREA_2_ID,VEH_DMAG_SCL_2_ID,FORCE_DIR_2_ID,VEH_INVENTORIED_FL,VEH_TRANSP_NAME,VEH_TRANSP_DEST,CONTRIB_FACTR_1_ID,CONTRIB_FACTR_2_ID,CONTRIB_FACTR_P1_ID,VEH_TRVL_DIR_ID,FIRST_HARM_EVT_INV_ID,INCAP_INJRY_CNT,NONINCAP_INJRY_CNT,POSS_INJRY_CNT,NON_INJRY_CNT,UNKN_INJRY_CNT,TOT_INJRY_CNT,DEATH_CNT
15175818,3,MOTOR VEHICLE,Y,N,NA,1HD1BX51X8Y016100,NA,BLK,HARLEY-DAVIDSON,NA,MOTORCYCLE,N,75057,1,PROOF OF LIABILITY INSURANCE,DISTRIBUTED LEFT SIDE DAMAGE PARALLEL IMPACT,DAMAGED 3,9,DISTRIBUTED RIGHT SIDE DAMAGE PARALLEL IMPACT,DAMAGED 3,3,N,SELF,,NONE,NA,NA,SOUTH,N,0,0,0,0,0,0,0
15261577,2,MOTOR VEHICLE,N,N,TX,1HD1GEL17VY322952,1997,GRN,HARLEY-DAVIDSON,NA,MOTORCYCLE,N,78669,1,PROOF OF LIABILITY INSURANCE,"MOTORCYCLE, SCOOTER, MOPED, ETC. ONLY",DAMAGED 1 MINIMUM,NA,NA,NA,NA,Y,WIMBERLEY TOWING,"12 ELMBROOK DR, WIMBERLEY, TX 78676",NONE,NA,NA,NORTHWEST,Y,0,1,0,0,0,1,0
15149466,2,MOTOR VEHICLE,N,N,TX,JKAZX4R129A008219,NA,BLU,KAWASAKI,NA,MOTORCYCLE,N,78250,1,PROOF OF LIABILITY INSURANCE,"MOTORCYCLE, SCOOTER, MOPED, ETC. ONLY",DAMAGED 1 MINIMUM,NA,NA,NA,NA,N,DRIVEN FROM SCENE,DRIVEN FROM SCENE,NONE,NA,NA,WEST,Y,0,1,0,0,0,1,0
15188855,2,MOTOR VEHICLE,N,N,TX,WB10166A1WXA16305,1998,WHI,BMW,UNKNOWN,MOTORCYCLE,N,78621,1,LIABILITY INSURANCE POLICY,DISTRIBUTED RIGHT SIDE DAMAGE PARALLEL IMPACT,DAMAGED 1 MINIMUM,3,NA,NA,NA,N,DRIVEN AWAY,DRIVEN AWAY,NONE,NA,NA,EAST,Y,0,0,0,1,0,0,0
15188330,2,MOTOR VEHICLE,N,N,TX,1HD1KRM18FB641558,NA,WHI,HARLEY-DAVIDSON,NA,MOTORCYCLE,N,79424,1,PROOF OF LIABILITY INSURANCE,BACK END DAMAGE DISTRIBUTED IMPACT,DAMAGED 3,6,DISTRIBUTED RIGHT SIDE DAMAGE PARALLEL IMPACT,DAMAGED 3,3,N,PERSONAL CONVEYANCE,,NONE,NA,NA,NORTH,Y,0,0,1,0,0,1,0
15195579,2,MOTOR VEHICLE,N,N,TX,JH2SC6106AK001460,NA,SIL,HONDA,UNKNOWN,MOTORCYCLE,N,79603,1,PROOF OF LIABILITY INSURANCE,"MOTORCYCLE, SCOOTER, MOPED, ETC. ONLY",DAMAGED 1 MINIMUM,12,NA,NA,NA,N,NOT TOWED,NOT TOWED,NONE,NA,NA,NORTHEAST,Y,0,1,0,0,0,1,0
15238746,2,MOTOR VEHICLE,N,N,MN,MLHMD3813D5000892,NA,WHI,HONDA,NA,MOTORCYCLE,N,78703,1,LIABILITY INSURANCE POLICY,FRONT END DAMAGE DISTRIBUTED IMPACT,DAMAGED 2,12,NA,NA,NA,Y,AVILES & GABES WRECKER SERVICE INC.,AVILES & GABES WRECKER SERVICE INC.,NONE,NA,NA,NORTHWEST,Y,0,0,1,0,0,1,0
15145288,2,MOTOR VEHICLE,N,N,TX,1HD1KBM11EB609119,NA,BLK,HARLEY-DAVIDSON,UNKNOWN,MOTORCYCLE,N,75076,1,PROOF OF LIABILITY INSURANCE,"MOTORCYCLE, SCOOTER, MOPED, ETC. ONLY",DAMAGED 1 MINIMUM,NA,NA,NA,NA,Y,GILBERT'S WRECKER SERVICE,"2916 E. HWY 82, GAINESVILLE, TX. 76240",NONE,NA,NA,EAST,Y,1,0,0,0,0,1,0
15151119,2,MOTOR VEHICLE,Y,N,TX,1HD1FHW154Y705240,2004,BLK,HARLEY-DAVIDSON,UNKNOWN,MOTORCYCLE,N,79562,1,PROOF OF LIABILITY INSURANCE,"MOTORCYCLE, SCOOTER, MOPED, ETC. ONLY",DAMAGED 1 MINIMUM,1,NA,NA,NA,N,NOT TOWED,,NONE,NA,NA,UNKNOWN,Y,0,0,0,0,0,0,0
15156395,1,MOTOR VEHICLE,N,N,TX,1HD1GDV1X2Y316629,2002,GRN,HARLEY-DAVIDSON,NA,MOTORCYCLE,N,76444,1,PROOF OF LIABILITY INSURANCE,LEFT SIDE AND TOP DAMAGE ROLLOVER EFFECTS,DAMAGED 3,12,NA,NA,NA,N,GARCIA'S WRECKER SERVCIE,GARCIA'S WRECK YARD,NONE,NA,NA,SOUTH,Y,0,0,0,0,0,0,1
15241352,1,MOTOR VEHICLE,N,N,TX,JS1GW71A262113436,2006,RED,SUZUKI,NA,MOTORCYCLE,N,78239,2,NA,"MOTORCYCLE, SCOOTER, MOPED, ETC. ONLY",DAMAGED 1 MINIMUM,9,FRONT END DAMAGE DISTRIBUTED IMPACT,DAMAGED 1 MINIMUM,12,Y,RICHARDS TOWING,GROWDON POUND,DRIVER INATTENTION,FOLLOWED TOO CLOSELY,NA,SOUTHEAST,Y,0,0,1,0,0,1,0
15254390,2,MOTOR VEHICLE,N,N,TX,JKAEX8A19EA004549,NA,GRN,KAWASAKI,NA,MOTORCYCLE,N,77705,1,PROOF OF LIABILITY INSURANCE,FRONT END DAMAGE DISTRIBUTED IMPACT,DAMAGED 1 MINIMUM,1,NA,NA,NA,N,DRIVER,RESIDENCE,NONE,NA,NA,SOUTHWEST,Y,0,0,0,1,0,0,0
15276810,1,MOTOR VEHICLE,N,N,TX,1HD1GP1116K325199,2006,WHI,HARLEY-DAVIDSON,NA,MOTORCYCLE,N,79415,1,PROOF OF LIABILITY INSURANCE,"MOTORCYCLE, SCOOTER, MOPED, ETC. ONLY",DAMAGED 1 MINIMUM,12,NA,NA,NA,N,JOSE LUIS PENA,"1821 CR 7500, LUBBOCK, TX",UNDER INFLUENCE - ALCOHOL,UNDER INFLUENCE - DRUG,NA,SOUTH,Y,1,0,0,0,0,1,0
15202525,2,MOTOR VEHICLE,N,N,TX,KM4MP578171104214,2007,BLK,SUZUKI,UNKNOWN,MOTORCYCLE,N,75709,2,NA,"MOTORCYCLE, SCOOTER, MOPED, ETC. ONLY",DAMAGED 1 MINIMUM,12,NA,NA,NA,N,CROW TOWING,CROW LOT,NONE,NA,NA,WEST,Y,0,1,0,0,0,1,0
15283078,1,MOTOR VEHICLE,N,N,TX,JS1VX51L2R2100801,1994,MAR,SUZUKI,UNKNOWN,MOTORCYCLE,N,77488,2,NA,BACK END (RIGHT) DAMAGE PARTIAL CONTACT,DAMAGED 2,5,FRONT END (LEFT) DAMAGE PARTIAL CONTACT,DAMAGED 2,2,N,ROBERTS RAPID RESPONSE,317 A N RICHMOND RD,FAILED TO YIELD ROW - TURNING LEFT,NA,NA,SOUTH,Y,0,1,0,0,0,1,0
15164313,1,MOTOR VEHICLE,N,N,TX,KM4MP578271601787,2007,GRN,HYOSUNG,NA,MOTORCYCLE,Y,79922,2,NA,RIGHT SIDE DAMAGE ANGULAR IMPACT,DAMAGED 3,2,NA,NA,NA,N,,,FAILED TO PASS TO LEFT SAFELY,NA,NA,SOUTH,Y,0,0,0,0,1,0,0
15207168,2,MOTOR VEHICLE,N,N,TX,1HD1FC415AB618944,NA,BLK,HARLEY-DAVIDSON,NA,MOTORCYCLE,N,75407,1,LIABILITY INSURANCE POLICY,BACK END DAMAGE DISTRIBUTED IMPACT,DAMAGED 6,6,NA,NA,NA,Y,PRO TOW,IRVING AUTO POUND,NONE,NA,NA,EAST,Y,0,0,2,0,0,2,0
15209925,2,MOTOR VEHICLE,N,N,TX,1HD1EDL10PY113300,1993,BLK,HARLEY-DAVIDSON,NA,MOTORCYCLE,N,77627,1,LIABILITY INSURANCE POLICY,FRONT END DAMAGE DISTRIBUTED IMPACT,DAMAGED 2,12,NA,NA,NA,N,BRIANS WRECKER SERVICE,AWAY FROM SCENE,NONE,NA,NA,NORTH,Y,0,0,0,1,0,0,0
15270567,1,MOTOR VEHICLE,N,N,MX,KAEX8A12EA0086222,NA,GRN,KAWASAKI,NA,MOTORCYCLE,N,79912,2,NA,FRONT END DAMAGE DISTRIBUTED IMPACT,DAMAGED 2,1,NA,NA,NA,N,DRIVER,LEFT LEGALLY PARKED,NONE,NA,NA,WEST,Y,0,0,0,1,0,0,0
15699967,2,MOTOR VEHICLE,N,N,TX,1HD1BMY1X3Y060388,2003,BLU,HARLEY-DAVIDSON,NA,MOTORCYCLE,N,77493,1,LIABILITY INSURANCE POLICY,LEFT SIDE DAMAGE ANGULAR IMPACT,DAMAGED 3,10,NA,NA,NA,N,OWNERS REQUEST,"HOUSTON, TEXAS",NONE,NA,NA,EAST,Y,0,0,1,0,0,1,0
15197631,1,MOTOR VEHICLE,N,N,TX,1HD1LC317BC409131,NA,BLK,HARLEY-DAVIDSON,NA,MOTORCYCLE,N,77381,1,PROOF OF LIABILITY INSURANCE,"MOTORCYCLE, SCOOTER, MOPED, ETC. ONLY",DAMAGED 1 MINIMUM,NA,NA,NA,NA,Y,ALL POINTS,"123 BUISNESS PARK WILLIS, TX 77378",UNSAFE SPEED,NA,HAD BEEN DRINKING,NORTHWEST,Y,1,0,0,0,0,1,0
15185191,1,MOTOR VEHICLE,N,N,TX,JYARN17E07A002864,2007,BLK,YAMAHA,NA,MOTORCYCLE,N,76018,2,NA,"MOTORCYCLE, SCOOTER, MOPED, ETC. ONLY",DAMAGED 1 MINIMUM,NA,NA,NA,NA,Y,KELLY MCKNIGHT WRECKER 817-265-1336,"1108  HARRISON AVE, ARLINGTON, TX, 76011",UNDER INFLUENCE - ALCOHOL,SPEEDING - (OVERLIMIT),NA,NORTH,Y,1,0,0,0,0,1,0
15207109,1,MOTOR VEHICLE,N,N,TX,JS1VP52A5Y2103865,2000,MUL,SUZUKI,UNKNOWN,MOTORCYCLE,N,79410,1,LIABILITY INSURANCE POLICY,"MOTORCYCLE, SCOOTER, MOPED, ETC. ONLY",DAMAGED 1 MINIMUM,NA,NA,NA,NA,Y,LUBBOCK WRECKER SERVICE,"3209 E SLATON HWY, LUBBOCK, TEXAS 79404",FAILED TO PASS TO LEFT SAFELY,NA,NA,NORTH,Y,1,0,0,0,0,1,0
15209723,2,MOTOR VEHICLE,N,N,TX,JH2RC50364K010328,2004,SIL,HONDA,UNKNOWN,MOTORCYCLE,N,79761,1,PROOF OF LIABILITY INSURANCE,RIGHT SIDE DAMAGE ANGULAR IMPACT,DAMAGED 2,3,NA,NA,NA,N,NEAL POOL REKERS,1117 S GRANT AVE,NONE,NA,NA,NORTH,Y,0,1,0,0,0,1,0
15157344,1,MOTOR VEHICLE,N,N,TX,1HD1FRW136Y646701,2006,BLK,HARLEY-DAVIDSON,UNKNOWN,MOTORCYCLE,N,79118,1,PROOF OF LIABILITY INSURANCE,"MOTORCYCLE, SCOOTER, MOPED, ETC. ONLY",DAMAGED 1 MINIMUM,NA,NA,NA,NA,N,RODNEY KEELING,"5107 MCCORMICK ROAD, AMARILLO, TX  79118",UNDER INFLUENCE - ALCOHOL,UNDER INFLUENCE - DRUG,NA,WEST,Y,1,0,0,0,0,1,0
15167355,1,MOTOR VEHICLE,N,N,TX,JYARJ06E28A037821,NA,BLK,YAMAHA,UNKNOWN,MOTORCYCLE,N,79423,1,PROOF OF LIABILITY INSURANCE,"MOTORCYCLE, SCOOTER, MOPED, ETC. ONLY",DAMAGED 1 MINIMUM,9,NA,NA,NA,N,DRIVEN FROM SCENE BY RELATIVE,,HAD BEEN DRINKING,FAILED TO YIELD ROW - STOP SIGN,NA,EAST,Y,0,0,1,0,0,1,0
15212662,2,MOTOR VEHICLE,N,N,TX,1HD1JK510AB024897,NA,BLU,HARLEY-DAVIDSON,UNKNOWN,MOTORCYCLE,N,78112,1,PROOF OF LIABILITY INSURANCE,FRONT END DAMAGE DISTRIBUTED IMPACT,DAMAGED 2,12,NA,NA,NA,N,CONTRACT WRECKER,GROWDON POUND,NONE,NA,NA,NORTH,Y,0,1,0,0,0,1,0
15229305,2,MOTOR VEHICLE,N,N,TX,JS1VP53AX42103675,2004,YEL,SUZUKI,NA,MOTORCYCLE,N,75455,1,PROOF OF LIABILITY INSURANCE,FRONT END DAMAGE DISTRIBUTED IMPACT,DAMAGED 4,12,NA,NA,NA,N,DICKIE MORROW WRECKER,610 E 16TH ST,SPEEDING - (OVERLIMIT),NA,NA,NORTH,Y,0,1,0,0,0,1,0
15182852,1,MOTOR VEHICLE,N,N,TX,JS1GT75A542107470,2004,BLU,SUZUKI,UNKNOWN,MOTORCYCLE,N,76088,1,PROOF OF LIABILITY INSURANCE,"MOTORCYCLE, SCOOTER, MOPED, ETC. ONLY",DAMAGED 1 MINIMUM,NA,NA,NA,NA,N,,,UNSAFE SPEED,NA,NA,SOUTH,Y,1,0,0,0,0,1,0
15158453,1,MOTOR VEHICLE,N,N,TX,1HD1FFM16DB617064,NA,BLK,HARLEY-DAVIDSON,UNKNOWN,MOTORCYCLE,N,79735,1,LIABILITY INSURANCE POLICY,"MOTORCYCLE, SCOOTER, MOPED, ETC. ONLY",DAMAGED 1 MINIMUM,12,NA,NA,NA,N,ACTION WRECKER SERVICE,1109 S MIDLAND DR MIDLAND TX 79703,NONE,NA,NA,WEST,Y,1,0,0,0,0,1,0
15262131,1,MOTOR VEHICLE,N,N,TX,1HD1FHW1X3Y701392,2003,BLK,HARLEY-DAVIDSON,NA,MOTORCYCLE,N,78006,1,PROOF OF LIABILITY INSURANCE,"MOTORCYCLE, SCOOTER, MOPED, ETC. ONLY",DAMAGED 1 MINIMUM,NA,NA,NA,NA,Y,K. W. WRECKER SERVICE  830-981-5120,"918 ADLER  BOERNE, TEXAS 78006",UNDER INFLUENCE - ALCOHOL,UNSAFE SPEED,NA,NORTHWEST,Y,0,1,0,0,0,1,0
15206601,1,MOTOR VEHICLE,N,N,TX,JS1GN7BA612103065,2001,BLK,SUZUKI,NA,MOTORCYCLE,N,75644,2,NA,LEFT SIDE DAMAGE ANGULAR IMPACT,DAMAGED 3,9,RIGHT SIDE DAMAGE ANGULAR IMPACT,DAMAGED 1 MINIMUM,3,N,,,CHANGED LANE WHEN UNSAFE,NA,NA,SOUTH,Y,0,0,1,0,0,1,0
15273253,2,MOTOR VEHICLE,N,N,TX,1HD1FCW115Y606340,2005,MUL,HARLEY-DAVIDSON,NA,MOTORCYCLE,Y,78155,1,LIABILITY INSURANCE POLICY,LEFT SIDE DAMAGE ANGULAR IMPACT,DAMAGED 6,9,NA,NA,NA,N,D&T TOWING,"1915 NORTH MAGNOLIA AVE LULING, TX 78648",NONE,NA,NA,EAST,Y,1,0,0,0,0,1,0
15207177,2,MOTOR VEHICLE,N,N,TX,JYAVP27E5AA012537,NA,RED,YAMAHA,NA,MOTORCYCLE,N,77024,1,PROOF OF LIABILITY INSURANCE,"MOTORCYCLE, SCOOTER, MOPED, ETC. ONLY",DAMAGED 1 MINIMUM,NA,NA,NA,NA,Y,ALIEF TOWING,1700 BRITTMOORE,NONE,NA,NA,EAST,Y,1,0,0,0,0,1,0
15185713,2,MOTOR VEHICLE,N,N,TX,ZD4SGC00294001568,NA,SIL,APRILIA,UNKNOWN,MOTORCYCLE,N,77074,1,PROOF OF LIABILITY INSURANCE,"MOTORCYCLE, SCOOTER, MOPED, ETC. ONLY",DAMAGED 1 MINIMUM,NA,NA,NA,NA,N,U S AUTO CONNECTION,REPAIR SHOP,NONE,NA,NA,NORTH,Y,0,1,0,0,0,1,0
15269678,2,MOTOR VEHICLE,N,N,TX,1HD1FCM19EB622887,NA,BLK,HARLEY-DAVIDSON,NA,MOTORCYCLE,N,79109,1,LIABILITY INSURANCE POLICY,"MOTORCYCLE, SCOOTER, MOPED, ETC. ONLY",DAMAGED 1 MINIMUM,NA,NA,NA,NA,N,SENOR TOWING,"500 S. PARKER, AMA, TX 79106 282-6472",NONE,NA,NA,NORTH,Y,0,0,0,1,0,0,0
15228061,1,MOTOR VEHICLE,N,N,TX,1HD1KGM12BB632479,NA,BLK,HARLEY-DAVIDSON,UNKNOWN,MOTORCYCLE,N,76642,1,PROOF OF LIABILITY INSURANCE,LEFT SIDE AND TOP DAMAGE ROLLOVER EFFECTS,DAMAGED 1 MINIMUM,9,NA,NA,NA,N,SECURED BY FRIEND OF OWNER PER OWNER,AT SCENE,ANIMAL ON ROAD- DOMESTIC,NA,NA,SOUTHEAST,Y,0,0,1,0,0,1,0
15208414,1,MOTOR VEHICLE,N,N,TX,1HD1CAP11RY218378,1994,BLK,HARLEY-DAVIDSON,NA,MOTORCYCLE,N,78664,1,LIABILITY INSURANCE POLICY,FRONT END DAMAGE DISTRIBUTED IMPACT,DAMAGED 1 MINIMUM,12,NA,NA,NA,N,OWNER,OWNER,HAD BEEN DRINKING,FAILED TO CONTROL SPEED,NA,NORTHWEST,Y,0,0,0,1,0,0,0
15299250,1,MOTOR VEHICLE,N,N,TX,JYAVP24E97A002526,2007,MAR,YAMAHA,NA,MOTORCYCLE,N,76084,1,LIABILITY INSURANCE POLICY,"MOTORCYCLE, SCOOTER, MOPED, ETC. ONLY",DAMAGED 1 MINIMUM,NA,NA,NA,NA,N,D & W TOWING,515 MURRAY ST MIDLOTHIAN TX,FAULTY EVASIVE ACTION,UNDER INFLUENCE - ALCOHOL,NA,SOUTH,Y,0,1,0,0,0,1,0
15148818,2,MOTOR VEHICLE,N,N,TX,1HD1KB4158Y659104,NA,BLK,HARLEY-DAVIDSON,UNKNOWN,MOTORCYCLE,N,78109,1,PROOF OF LIABILITY INSURANCE,"MOTORCYCLE, SCOOTER, MOPED, ETC. ONLY",DAMAGED 1 MINIMUM,8,NA,NA,NA,N,ROAD RUNNER TOWING,"10307 MUSTANG RIDGE, CONVERSE, TX",NONE,NA,NA,NORTHEAST,Y,1,0,1,0,0,2,0
15252689,1,MOTOR VEHICLE,N,N,TX,1HD1GEL1XWY323823,1998,BLK,HARLEY-DAVIDSON,UNKNOWN,MOTORCYCLE,N,79720,1,LIABILITY INSURANCE POLICY,"MOTORCYCLE, SCOOTER, MOPED, ETC. ONLY",DAMAGED 1 MINIMUM,10,NA,NA,NA,N,,,OTHER (EXPLAIN IN NARRATIVE),NA,NA,WEST,Y,0,1,0,0,0,1,0
15277247,2,MOTOR VEHICLE,N,N,TX,JKAEXEA167A019561,2007,NA,KAWASAKI,NA,MOTORCYCLE,N,78746,1,LIABILITY INSURANCE POLICY,FRONT END DAMAGE DISTRIBUTED IMPACT,DAMAGED 4,12,NA,NA,NA,N,ARMADA,ARMADA,NONE,NA,NA,NORTH,Y,0,1,0,0,0,1,0
15250503,2,MOTOR VEHICLE,N,N,TX,1HD1BWV15EB020418,NA,WHI,HARLEY-DAVIDSON,UNKNOWN,MOTORCYCLE,N,78154,1,PROOF OF LIABILITY INSURANCE,BACK END DAMAGE DISTRIBUTED IMPACT,DAMAGED 7 HIGHEST,6,NA,NA,NA,N,JOHNNY'S WRECKER SERVICE,JOHNNY'S WRECKER YARD,NONE,NA,NA,SOUTH,Y,1,0,0,0,0,1,0
15170392,1,MOTOR VEHICLE,N,N,TX,JKAEXMF1X6DA22465,2006,BLU,KAWASAKI,NA,MOTORCYCLE,N,76549,1,PROOF OF LIABILITY INSURANCE,FRONT END DAMAGE DISTRIBUTED IMPACT,DAMAGED 2,12,"MOTORCYCLE, SCOOTER, MOPED, ETC. ONLY",DAMAGED 1 MINIMUM,9,N,BILL'S TOWING (254)628-1010,"3700 BACON RANCH  KILLEEN, TX  76543",NONE,NA,NA,NORTH,Y,0,1,0,0,0,1,0
15147982,1,MOTOR VEHICLE,N,N,TX,JH2PC4001EK700089,NA,YEL,HONDA,NA,MOTORCYCLE,N,77377,1,PROOF OF LIABILITY INSURANCE,"MOTORCYCLE, SCOOTER, MOPED, ETC. ONLY",DAMAGED 1 MINIMUM,NA,NA,NA,NA,N,NOT TOWED,NOT TOWED,NA,NA,UNSAFE SPEED,EAST,Y,0,0,1,0,0,1,0
15189783,1,MOTOR VEHICLE,N,N,TX,JKAZX2E16YA000472,2000,WHI,KAWASAKI,NA,MOTORCYCLE,N,76119,1,LIABILITY INSURANCE POLICY,FRONT END DAMAGE DISTRIBUTED IMPACT,DAMAGED 2,2,NA,NA,NA,N,SEGA TOWING,FORT WORTH AUTO POUND,FAILED TO YIELD ROW - OPEN INTERSECTION,NA,NA,NORTHWEST,Y,0,0,0,0,0,0,1
15252022,1,MOTOR VEHICLE,N,N,TX,1HD4CR215BC415964,NA,WHI,HARLEY-DAVIDSON,NA,MOTORCYCLE,N,77511,1,PROOF OF LIABILITY INSURANCE,"MOTORCYCLE, SCOOTER, MOPED, ETC. ONLY",DAMAGED 1 MINIMUM,12,NA,NA,NA,Y,EASTSIDE WRECKER SERVICE,580 DICKINSON RD ALVIN TX 77511,UNDER INFLUENCE - ALCOHOL,NA,NA,WEST,Y,0,1,0,0,0,1,0
15159713,1,MOTOR VEHICLE,N,N,TX,1HD1BKL1XTY019478,1996,RED,HARLEY-DAVIDSON,NA,MOTORCYCLE,N,75169,1,PROOF OF LIABILITY INSURANCE,LEFT SIDE DAMAGE ANGULAR IMPACT,DAMAGED 1 MINIMUM,9,RIGHT SIDE DAMAGE ANGULAR IMPACT,DAMAGED 1 MINIMUM,3,N,,,ANIMAL ON ROAD- WILD,NA,TURNED WHEN UNSAFE,WEST,Y,0,1,0,0,0,1,0
15261308,1,MOTOR VEHICLE,N,N,OR,1HD1BXB433Y041539,2003,BLK,HARLEY-DAVIDSON,UNKNOWN,MOTORCYCLE,N,97103,1,LIABILITY INSURANCE POLICY,RIGHT SIDE DAMAGE ANGULAR IMPACT,DAMAGED 2,3,NA,NA,NA,N,,,UNSAFE SPEED,NA,NA,NORTH,Y,1,0,0,0,0,1,0
15236082,1,MOTOR VEHICLE,N,N,TX,1HD1CV3158K460010,NA,RED,HARLEY-DAVIDSON,UNKNOWN,MOTORCYCLE,N,77429,1,PROOF OF LIABILITY INSURANCE,FRONT END DAMAGE DISTRIBUTED IMPACT,DAMAGED 2,12,DISTRIBUTED LEFT SIDE DAMAGE PARALLEL IMPACT,DAMAGED 2,11,Y,CSI TOWING,5114 HWY 6N,FAILED TO CONTROL SPEED,NA,NA,NORTHWEST,Y,0,1,0,0,0,1,0
15150152,2,MOTOR VEHICLE,N,N,TX,1HD1FMM10FB607816,NA,BLK,HARLEY-DAVIDSON,NA,MOTORCYCLE,Y,75138,1,CERTIFICATE OF SELF-INSURANCE,"MOTORCYCLE, SCOOTER, MOPED, ETC. ONLY",DAMAGED 1 MINIMUM,12,NA,NA,NA,Y,24 HOUR WRECKER,LONGHORN HARLEY-DAVIDSON,NONE,NA,NA,SOUTHWEST,Y,1,0,0,0,0,1,0
15243475,3,MOTOR VEHICLE,N,N,TX,JS1GX72B7D2101851,NA,YEL,SUZUKI,NA,MOTORCYCLE,N,77050,1,PROOF OF LIABILITY INSURANCE,"MOTORCYCLE, SCOOTER, MOPED, ETC. ONLY",DAMAGED 1 MINIMUM,NA,NA,NA,NA,N,RS TOWING,11360 EASTEX FRWY,NONE,NA,NA,EAST,N,1,0,0,0,0,1,0
15253750,1,MOTOR VEHICLE,N,N,TX,1HD1KRM16FB611586,NA,BLK,HARLEY-DAVIDSON,NA,MOTORCYCLE,N,77627,1,PROOF OF LIABILITY INSURANCE,FRONT END DAMAGE DISTRIBUTED IMPACT,DAMAGED 2,12,NA,NA,NA,N,SAVANT'S TOWING 409-729-2639,"2299 N TWING CITY HWY, NEDERLAND TX, 776",FAILED TO DRIVE IN SINGLE LANE,NA,UNSAFE SPEED,SOUTHWEST,Y,0,0,1,0,0,1,0
15298226,2,MOTOR VEHICLE,N,N,TX,JH2SC3509YM300609,2000,GRY,HONDA,NA,MOTORCYCLE,N,75056,1,PROOF OF LIABILITY INSURANCE,"MOTORCYCLE, SCOOTER, MOPED, ETC. ONLY",DAMAGED 1 MINIMUM,NA,NA,NA,NA,Y,JORDAN TOWING,"601 DIGITAL, PLANO, TX 75075",FAILED TO CONTROL SPEED,UNDER INFLUENCE - ALCOHOL,NA,NORTH,Y,1,0,0,0,0,1,0
15164795,1,MOTOR VEHICLE,N,N,TX,JS1VS52A7P2103895,1993,BLK,SUZUKI,UNKNOWN,MOTORCYCLE,N,76384,2,NA,"MOTORCYCLE, SCOOTER, MOPED, ETC. ONLY",DAMAGED 1 MINIMUM,NA,NA,NA,NA,Y,GOODRUM'S WRECKER,"6591 BUS. HWY 287, VERNON, TX 76384",UNDER INFLUENCE - ALCOHOL,UNDER INFLUENCE - DRUG,NA,SOUTHEAST,Y,1,0,0,0,0,1,0
15200420,1,MOTOR VEHICLE,N,N,TX,1HFSC55035A105807,2005,SIL,HONDA,NA,MOTORCYCLE,N,77662,2,NA,FRONT END DAMAGE DISTRIBUTED IMPACT,DAMAGED 3,12,LEFT FRONT QUARTER DAMAGE ANGULAR IMPACT,DAMAGED 3,10,N,TNT,WRECKER YARD,NONE,NA,NA,NORTH,Y,0,1,0,0,0,1,0
15261577,1,MOTOR VEHICLE,N,N,TX,1HD1BSY151Y035352,2001,ONG,HARLEY-DAVIDSON,NA,MOTORCYCLE,N,78676,1,PROOF OF LIABILITY INSURANCE,"MOTORCYCLE, SCOOTER, MOPED, ETC. ONLY",DAMAGED 1 MINIMUM,NA,NA,NA,NA,Y,WIMBERLEY TOWING,"12 ELMBROOK DR, WIMBERLEY, TX 78676",UNDER INFLUENCE - ALCOHOL,FAILED TO CONTROL SPEED,NA,NORTHWEST,Y,1,0,0,0,0,1,0
15217990,2,MOTOR VEHICLE,N,N,NM,JKAZX4P147A011588,2007,GRY,KAWASAKI,NA,MOTORCYCLE,N,79936,2,NA,"MOTORCYCLE, SCOOTER, MOPED, ETC. ONLY",DAMAGED 1 MINIMUM,12,NA,NA,NA,,DEPENDABLE,11615 RAILROAD,NONE,NA,NA,WEST,Y,0,0,0,0,0,0,1
15315064,2,MOTOR VEHICLE,N,N,TN,1HD1KRM15GB612598,NA,GRY,HARLEY-DAVIDSON,NA,MOTORCYCLE,N,37857,1,PROOF OF LIABILITY INSURANCE,"MOTORCYCLE, SCOOTER, MOPED, ETC. ONLY",DAMAGED 1 MINIMUM,NA,NA,NA,NA,N,E&S AUTO,500 S COLUMBIA DRIVE,NONE,NA,NA,SOUTH,Y,0,0,1,0,0,1,0