CRASH_ID,UNIT_NBR,UNIT_DESC_ID,VEH_PARKED_FL,VEH_HNR_FL,VEH_LIC_STATE_ID,VIN,VEH_MOD_YEAR,VEH_COLOR_ID,VEH_MAKE_ID,VEH_MOD_ID,VEH_BODY_STYL_ID,EMER_RESPNDR_FL,OWNR_ZIP,FIN_RESP_PROOF_ID,FIN_RESP_TYPE_ID,VEH_DMAG_AREA_1_ID,VEH_DMAG_SCL_1_ID,FORCE_DIR_1_ID,VEH_DMAG_AREA_2_ID,VEH_DMAG_SCL_2_ID,FORCE_DIR_2_ID,VEH_INVENTORIED_FL,VEH_TRANSP_NAME,VEH_TRANSP_DEST,CONTRIB_FACTR_1_ID,CONTRIB_FACTR_2_ID,CONTRIB_FACTR_P1_ID,VEH_TRVL_DIR_ID,FIRST_HARM_EVT_INV_ID,INCAP_INJRY_CNT,NONINCAP_INJRY_CNT,POSS_INJRY_CNT,NON_INJRY_CNT,UNKN_INJRY_CNT,TOT_INJRY_CNT,DEATH_CNT
15185032,1,MOTOR VEHICLE,N,N,TX,JH2PC35041M210456,2001,BLK,HONDA,NA,MOTORCYCLE,N,79924,2,NA,FRONT END DAMAGE DISTRIBUTED IMPACT,DAMAGED 3,12,LEFT SIDE DAMAGE ANGULAR IMPACT,DAMAGED 3,9,Y,,,FAILED TO CONTROL SPEED,NA,NA,EAST,Y,0,0,1,0,0,1,0
15233682,1,MOTOR VEHICLE,N,N,TX,JH2RC210XFM106568,1985,BLK,HONDA,UNKNOWN,MOTORCYCLE,N,76053,1,LIABILITY INSURANCE POLICY,"MOTORCYCLE, SCOOTER, MOPED, ETC. ONLY",DAMAGED 1 MINIMUM,1,NA,NA,NA,N,DF GONZALEZ,8906 MINES RD,FAILED TO CONTROL SPEED,NA,NA,SOUTH,Y,0,1,0,0,0,1,0
15267141,1,MOTOR VEHICLE,N,N,TX,JYAVP11E65A064154,2005,BLK,YAMAHA,NA,MOTORCYCLE,N,77546,1,PROOF OF LIABILITY INSURANCE,"MOTORCYCLE, SCOOTER, MOPED, ETC. ONLY",DAMAGED 1 MINIMUM,1,NA,NA,NA,N,LIGGIOS,GALVESTON SO,HAD BEEN DRINKING,FAILED TO CONTROL SPEED,NA,SOUTH,Y,0,1,0,0,0,1,0
15213233,2,MOTOR VEHICLE,N,N,TX,1HD1JD5187Y021280,2007,RED,HARLEY-DAVIDSON,UNKNOWN,MOTORCYCLE,N,78355,2,NA,"MOTORCYCLE, SCOOTER, MOPED, ETC. ONLY",DAMAGED 1 MINIMUM,NA,NA,NA,NA,Y,HUGHES WRECKER,4526 E. SANTA GERTRUDIS,NONE,NA,NA,SOUTH,Y,0,0,1,0,0,1,0
15230887,3,MOTOR VEHICLE,N,N,TX,1HD1FCM11CB621228,NA,BLK,SUZUKI,NA,MOTORCYCLE,N,77088,2,NA,"MOTORCYCLE, SCOOTER, MOPED, ETC. ONLY",DAMAGED 1 MINIMUM,NA,NA,NA,NA,N,INFINITY TOWING SVC,8210 PINEMONT,NONE,NA,NA,NORTH,N,1,0,0,0,0,1,0
15156983,1,MOTOR VEHICLE,N,N,NM,JS1CT79A9G2100097,NA,GRY,SUZUKI,NA,MOTORCYCLE,N,79912,2,NA,LEFT SIDE DAMAGE ANGULAR IMPACT,DAMAGED 1 MINIMUM,9,RIGHT SIDE DAMAGE ANGULAR IMPACT,DAMAGED 1 MINIMUM,3,Y,SOHLE,MUNI FACILITY,FAILED TO CONTROL SPEED,NA,NA,WEST,Y,0,0,1,0,0,1,0
15215534,2,MOTOR VEHICLE,N,N,TX,1HD1KGM1XDB689452,NA,BLK,HARLEY-DAVIDSON,UNKNOWN,MOTORCYCLE,N,77539,1,PROOF OF LIABILITY INSURANCE,FRONT END DAMAGE CONCENTRATED IMPACT,DAMAGED 3,12,NA,NA,NA,N,DEWITT WRECKER,DEWITT WRECKER,NONE,NA,NA,EAST,Y,0,0,1,0,0,1,0
15273143,1,MOTOR VEHICLE,N,N,TX,JKAZXCE109A024371,NA,BLK,KAWASAKI,NA,MOTORCYCLE,N,77024,2,NA,"MOTORCYCLE, SCOOTER, MOPED, ETC. ONLY",DAMAGED 1 MINIMUM,NA,NA,NA,NA,N,TEEL MALACARA,8310 E HARDY HOUSTON TX,NONE,NA,NA,NORTH,Y,1,0,0,0,0,1,0
15247926,1,MOTOR VEHICLE,N,N,TX,JKBZXJB124A030752,2004,BLK,KAWASAKI,NA,MOTORCYCLE,N,79601,1,PROOF OF LIABILITY INSURANCE,"MOTORCYCLE, SCOOTER, MOPED, ETC. ONLY",DAMAGED 1 MINIMUM,NA,NA,NA,NA,N,RELEASED TO OWNER,NOT TOWED,FAILED TO CONTROL SPEED,NA,NA,WEST,Y,0,1,0,0,0,1,0
15195614,2,MOTOR VEHICLE,N,Y,TX,1HD1FFW13XY645824,1999,BLK,HARLEY-DAVIDSON,NA,MOTORCYCLE,N,75051,1,PROOF OF LIABILITY INSURANCE,"MOTORCYCLE, SCOOTER, MOPED, ETC. ONLY",DAMAGED 1 MINIMUM,6,"MOTORCYCLE, SCOOTER, MOPED, ETC. ONLY",DAMAGED 1 MINIMUM,12,Y,DAVES WRECKER,3010 HARD ROCK RD. GRAND PRAIRIE,NONE,NA,NA,EAST,Y,0,1,0,0,0,1,0
15179264,1,MOTOR VEHICLE,N,N,TX,JYAVN05EXEA007742,NA,GRN,YAMAHA,NA,MOTORCYCLE,N,78620,1,PROOF OF LIABILITY INSURANCE,"MOTORCYCLE, SCOOTER, MOPED, ETC. ONLY",DAMAGED 1 MINIMUM,NA,NA,NA,NA,Y,HARPER'S TOWING,"141 S. CANYONWOOD DR., DRIPPING SPRINGS",NONE,NA,NA,SOUTHEAST,Y,0,1,0,0,0,1,0
15226469,1,MOTOR VEHICLE,N,N,WA,JS1GT77A772114261,2007,YEL,SUZUKI,NA,MOTORCYCLE,N,98433,2,NA,FRONT END DAMAGE DISTRIBUTED IMPACT,DAMAGED 7 HIGHEST,12,NA,NA,NA,N,PLATINUM TOWING,PLATINUM TOWING,FAILED TO CONTROL SPEED,NA,HAD BEEN DRINKING,SOUTH,Y,0,0,0,0,0,0,1
15186745,3,MOTOR VEHICLE,N,N,TX,1HD1JN516AB029605,NA,BLK,HARLEY-DAVIDSON,NA,MOTORCYCLE,N,77316,1,PROOF OF LIABILITY INSURANCE,"MOTORCYCLE, SCOOTER, MOPED, ETC. ONLY",DAMAGED 1 MINIMUM,NA,NA,NA,NA,Y,GEORGE WHITE WRECKER SVC. 646-3845,"149 MAPLE, ONALASKA, TX",NONE,NA,NA,NORTH,N,1,0,0,0,0,1,1
15238743,2,MOTOR VEHICLE,N,N,TX,JS1GP71L6C2106953,1982,99,SUZUKI,UNKNOWN,MOTORCYCLE,N,77084,2,NA,FRONT END DAMAGE DISTRIBUTED IMPACT,DAMAGED 4,12,NA,NA,NA,Y,AZLE TOWING,"12101 JACKSBORO HWY, AZLE TX 76020",FAULTY EVASIVE ACTION,NA,NA,NORTH,Y,0,0,0,0,0,0,1
15160821,1,MOTOR VEHICLE,N,N,TX,JYARJ12E57A013359,2007,GRY,YAMAHA,UNKNOWN,MOTORCYCLE,N,77065,1,PROOF OF LIABILITY INSURANCE,"MOTORCYCLE, SCOOTER, MOPED, ETC. ONLY",DAMAGED 1 MINIMUM,NA,NA,NA,NA,N,GRIMES COUNTY WRECKER 936-825-0300,"1511 W WASHINGTON AVE NAVASOTA, TX 77868",UNSAFE SPEED,NA,NA,SOUTHEAST,Y,1,0,0,0,0,1,0
15242170,1,MOTOR VEHICLE,N,N,TX,1HD1KB414BB650646,NA,MAR,HARLEY-DAVIDSON,NA,MOTORCYCLE,N,77047,1,PROOF OF LIABILITY INSURANCE,FRONT END (LEFT) DAMAGE PARTIAL CONTACT,DAMAGED 3,11,LEFT SIDE DAMAGE ANGULAR IMPACT,DAMAGED 2,9,N,NOT TOWED,,FOLLOWED TOO CLOSELY,FAULTY EVASIVE ACTION,NA,NORTHEAST,Y,0,1,0,0,0,1,0
15189032,1,MOTOR VEHICLE,N,N,TX,1HD1JD518BB027012,NA,MAR,HARLEY-DAVIDSON,UNKNOWN,MOTORCYCLE,N,78247,1,PROOF OF LIABILITY INSURANCE,LEFT SIDE DAMAGE ANGULAR IMPACT,DAMAGED 3,12,NA,NA,NA,N,TEXAS TOWING,GROWDON POUND,DRIVER INATTENTION,UNDER INFLUENCE - ALCOHOL,NA,SOUTH,Y,0,1,0,0,0,1,0
15165323,2,MOTOR VEHICLE,N,N,TX,JKAEXVD139A113881,NA,BLK,KAWASAKI,UNKNOWN,MOTORCYCLE,N,79336,1,PROOF OF LIABILITY INSURANCE,FRONT END DAMAGE DISTRIBUTED IMPACT,DAMAGED 4,12,NA,NA,NA,N,BUSH WRECKER,BUSH'S GARAGE,NONE,NA,NA,WEST,Y,1,0,0,0,0,1,0
15258630,2,MOTOR VEHICLE,N,N,TX,1HD1GP414AC302207,NA,BLK,HARLEY-DAVIDSON,UNKNOWN,MOTORCYCLE,N,79007,2,NA,"MOTORCYCLE, SCOOTER, MOPED, ETC. ONLY",DAMAGED 1 MINIMUM,12,NA,NA,NA,Y,ACE WRECKER,ACE WRECKER,NONE,NA,NA,WEST,Y,1,0,0,0,0,1,0
15290767,2,MOTOR VEHICLE,N,N,TX,1HD1BWB124Y068278,2004,GRN,HARLEY-DAVIDSON,UNKNOWN,MOTORCYCLE,N,77371,1,LIABILITY INSURANCE POLICY,"MOTORCYCLE, SCOOTER, MOPED, ETC. ONLY",DAMAGED 1 MINIMUM,1,NA,NA,NA,N,DRIVEN AWAY,DRIVEN AWAY,NONE,NA,NA,EAST,N,0,0,1,0,0,1,0
15209482,2,MOTOR VEHICLE,N,N,TX,1HD4NBB17FC503843,NA,BLK,HARLEY-DAVIDSON,NA,MOTORCYCLE,N,78046,1,LIABILITY INSURANCE POLICY,FRONT END DAMAGE CONCENTRATED IMPACT,DAMAGED 1 MINIMUM,12,NA,NA,NA,N,,,NONE,NA,NA,NORTH,Y,0,0,1,0,0,1,0
15224429,1,MOTOR VEHICLE,N,N,TX,JYARJ16E59A012046,NA,BLK,YAMAHA,UNKNOWN,MOTORCYCLE,N,78628,2,NA,"MOTORCYCLE, SCOOTER, MOPED, ETC. ONLY",DAMAGED 1 MINIMUM,NA,NA,NA,NA,Y,TIP TOW TOWING,"40101 INDUSTRIAL PARK LN GEORGETOWN, TX",UNSAFE SPEED,UNDER INFLUENCE - ALCOHOL,NA,SOUTHWEST,Y,0,1,0,0,0,1,0
15270266,1,MOTOR VEHICLE,N,N,TX,GL14016336,1978,BLU,HONDA,UNKNOWN,MOTORCYCLE,N,77445,2,NA,FRONT END DAMAGE CONCENTRATED IMPACT,DAMAGED 5,12,FRONT END DAMAGE DISTRIBUTED IMPACT,DAMAGED 5,12,Y,REFLECTION PAINT & BODY,"REFLECTION PAINT & BODY, 2910 WALLER STR",HAD BEEN DRINKING,UNSAFE SPEED,UNDER INFLUENCE - DRUG,WEST,Y,1,0,0,0,0,1,0
15247606,1,MOTOR VEHICLE,N,N,TX,JS1VP52A222102907,2002,SIL,SUZUKI,NA,MOTORCYCLE,N,78232,1,PROOF OF LIABILITY INSURANCE,"MOTORCYCLE, SCOOTER, MOPED, ETC. ONLY",DAMAGED 1 MINIMUM,9,NA,NA,NA,N,RELEASED TO OWNER,RELEASED TO OWNER,FAILED TO CONTROL SPEED,NA,UNSAFE SPEED,WEST,Y,0,1,0,0,0,1,0
15199575,2,MOTOR VEHICLE,N,N,TX,JS1GT76A062114991,2006,BLU,SUZUKI,NA,MOTORCYCLE,N,78852,2,NA,"MOTORCYCLE, SCOOTER, MOPED, ETC. ONLY",DAMAGED 1 MINIMUM,NA,NA,NA,NA,Y,I - 2 TOWING,3100 E. BUS 83 DONNA TEXAS 78537,NA,NA,DISREGARD STOP AND GO SIGNAL,SOUTH,Y,1,0,0,0,0,1,0
15276910,1,MOTOR VEHICLE,N,N,TX,JKAZRBC10XA024987,1999,BLK,KAWASAKI,UNKNOWN,MOTORCYCLE,N,75041,1,PROOF OF LIABILITY INSURANCE,"MOTORCYCLE, SCOOTER, MOPED, ETC. ONLY",DAMAGED 1 MINIMUM,NA,NA,NA,NA,Y,I-45 WRECKER (903.874.8202),"1900 S. BUS 45 CORSICANA, TX  75110",UNSAFE SPEED,HAD BEEN DRINKING,OTHER (EXPLAIN IN NARRATIVE),SOUTH,Y,0,0,1,0,0,1,0
15175818,2,MOTOR VEHICLE,Y,N,NA,1HD1FC4118Y630337,NA,BLK,HARLEY-DAVIDSON,NA,MOTORCYCLE,N,75057,1,PROOF OF LIABILITY INSURANCE,FRONT END (LEFT) DAMAGE PARTIAL CONTACT,DAMAGED 3,11,DISTRIBUTED RIGHT SIDE DAMAGE PARALLEL IMPACT,DAMAGED 4,3,N,SELF,,NONE,NA,NA,SOUTH,N,0,0,0,0,0,0,0
15184995,3,MOTOR VEHICLE,Y,N,TX,JKBZGNA119A021346,NA,BLK,KAWASAKI,NA,MOTORCYCLE,N,79907,1,PROOF OF LIABILITY INSURANCE,RIGHT SIDE DAMAGE ANGULAR IMPACT,DAMAGED 1 MINIMUM,3,LEFT SIDE DAMAGE ANGULAR IMPACT,DAMAGED 2,9,N,,,NONE,NA,NA,EAST,Y,0,0,0,0,0,0,0
15188763,2,MOTOR VEHICLE,N,N,TX,JS1GX72A3B2101771,NA,WHI,SUZUKI,NA,MOTORCYCLE,N,77057,1,LIABILITY INSURANCE POLICY,"MOTORCYCLE, SCOOTER, MOPED, ETC. ONLY",DAMAGED 1 MINIMUM,NA,NA,NA,NA,N,,,NONE,NA,NA,WEST,Y,0,0,1,0,0,1,0
15157141,2,MOTOR VEHICLE,N,N,TX,JH2SC2401PM200787,1993,BLK,HONDA,NA,MOTORCYCLE,N,78725,1,PROOF OF LIABILITY INSURANCE,"MOTORCYCLE, SCOOTER, MOPED, ETC. ONLY",DAMAGED 1 MINIMUM,6,NA,NA,NA,Y,ROCHAS TOWING SERVICE,ROCHAS TOWING SERVICE,NONE,NA,NA,EAST,Y,0,1,0,0,0,1,0
15179344,2,MOTOR VEHICLE,N,N,TX,1HD1JA5128Y078980,NA,BLK,HARLEY-DAVIDSON,NA,MOTORCYCLE,N,78602,2,NA,"MOTORCYCLE, SCOOTER, MOPED, ETC. ONLY",DAMAGED 1 MINIMUM,NA,NA,NA,NA,Y,USA AUTO SALES,291 HWY 290 E ELGIN TX 78602,NONE,NA,NA,SOUTH,Y,0,0,0,0,0,0,2
15211705,2,MOTOR VEHICLE,N,N,TX,1HD1KEM26DB640956,NA,BLK,HARLEY-DAVIDSON,UNKNOWN,MOTORCYCLE,N,77047,1,LIABILITY INSURANCE POLICY,FRONT END DAMAGE DISTRIBUTED IMPACT,DAMAGED 2,NA,NA,NA,NA,N,,,NONE,NA,NA,NORTH,Y,0,0,1,0,0,1,0
15242754,3,MOTOR VEHICLE,N,N,TX,MLHPC4415D5003353,NA,BLK,HONDA,NA,MOTORCYCLE,N,78602,1,PROOF OF LIABILITY INSURANCE,DISTRIBUTED RIGHT SIDE DAMAGE PARALLEL IMPACT,DAMAGED 2,1,DISTRIBUTED LEFT SIDE DAMAGE PARALLEL IMPACT,DAMAGED 2,11,N,MACEDO,"204 E MCGREGOR DR, MCGREGOR TX 76657",NONE,NA,NA,SOUTH,N,0,0,1,0,0,1,0
15187255,1,MOTOR VEHICLE,N,N,TX,1HD1KBM11GB681022,NA,BLK,HARLEY-DAVIDSON,UNKNOWN,MOTORCYCLE,N,77406,1,PROOF OF LIABILITY INSURANCE,DISTRIBUTED LEFT SIDE DAMAGE PARALLEL IMPACT,DAMAGED 2,NA,DISTRIBUTED RIGHT SIDE DAMAGE PARALLEL IMPACT,DAMAGED 2,NA,N,EASTSIDE,"513 PECAN, FRESNO",CHANGED LANE WHEN UNSAFE,NA,NA,EAST,Y,0,1,0,0,0,1,0
15205519,2,MOTOR VEHICLE,N,N,TX,1HFSC18092A602411,2002,RED,HONDA,NA,MOTORCYCLE,N,77590,2,NA,FRONT END DAMAGE CONCENTRATED IMPACT,DAMAGED 3,12,NA,NA,NA,N,BILL'S WRECKER SERVICE,BILL'S WRECKER SERVICE,NONE,NA,NA,EAST,Y,1,0,0,0,0,1,0
15227332,2,MOTOR VEHICLE,N,N,TX,JS1GW71A052110713,2005,GRY,SUZUKI,NA,MOTORCYCLE,N,79601,1,PROOF OF LIABILITY INSURANCE,"MOTORCYCLE, SCOOTER, MOPED, ETC. ONLY",DAMAGED 1 MINIMUM,6,NA,NA,NA,N,SUDDEN IMPACT TOWING,"442 WILLOW ST,, ABILENE, TX",NONE,NA,NA,WEST,Y,0,1,0,0,0,1,0
15215737,1,MOTOR VEHICLE,N,N,TX,JKAZX9B1X2A000625,2002,BLK,KAWASAKI,NA,MOTORCYCLE,N,79762,1,PROOF OF LIABILITY INSURANCE,"MOTORCYCLE, SCOOTER, MOPED, ETC. ONLY",DAMAGED 1 MINIMUM,NA,NA,NA,NA,N,DRIVEN AWAY BY DRIVER,,FAILED TO CONTROL SPEED,OTHER (EXPLAIN IN NARRATIVE),ANIMAL ON ROAD- WILD,SOUTHEAST,Y,0,1,0,0,0,1,0
15190843,1,MOTOR VEHICLE,N,N,TX,JYARJ06E44A015376,2004,BLU,YAMAHA,UNKNOWN,MOTORCYCLE,N,78610,2,NA,"MOTORCYCLE, SCOOTER, MOPED, ETC. ONLY",DAMAGED 1 MINIMUM,12,NA,NA,NA,N,HARPERS TOWING SERVICE INC,HARPERS TOWING SERVICE INC,DRIVER INATTENTION,FAILED TO DRIVE IN SINGLE LANE,NA,EAST,Y,0,0,1,0,0,1,0
15210724,2,MOTOR VEHICLE,N,N,TX,1HD1JK5118Y054661,NA,BLK,HARLEY-DAVIDSON,NA,MOTORCYCLE,N,79102,1,PROOF OF LIABILITY INSURANCE,"MOTORCYCLE, SCOOTER, MOPED, ETC. ONLY",DAMAGED 1 MINIMUM,11,NA,NA,NA,N,,,NONE,NA,NA,WEST,Y,0,1,0,0,0,1,0
15218791,2,MOTOR VEHICLE,N,N,TX,1HFSC526X6A308011,2006,BLK,HONDA,NA,MOTORCYCLE,N,75757,1,PROOF OF LIABILITY INSURANCE,"MOTORCYCLE, SCOOTER, MOPED, ETC. ONLY",DAMAGED 1 MINIMUM,NA,NA,NA,NA,Y,CROW TOWING  903-561-2769,"2929 CROW RD; TYLER, TX 75703",NONE,NA,NA,NORTH,Y,1,0,0,0,0,1,0
15270372,2,MOTOR VEHICLE,N,N,TX,1HD1KGM12DB647213,NA,BLU,HARLEY-DAVIDSON,UNKNOWN,MOTORCYCLE,N,75068,1,PROOF OF LIABILITY INSURANCE,FRONT END DAMAGE DISTRIBUTED IMPACT,DAMAGED 3,12,NA,NA,NA,N,MOTOR SPORTS TOWING,"5002 MILLS RD, DENTON, TX, 76208",NONE,NA,NA,NORTH,Y,0,1,0,0,0,1,0
15300277,1,MOTOR VEHICLE,N,N,TX,JH2SC50062M008622,2002,MUL,HONDA,NA,MOTORCYCLE,N,76021,1,LIABILITY INSURANCE POLICY,"MOTORCYCLE, SCOOTER, MOPED, ETC. ONLY",DAMAGED 1 MINIMUM,NA,VEHICLE BURNED,DAMAGED 1 MINIMUM,NA,Y,JOE HILL'S WRECKER SERVICE,"1104 SH 155 S BIG SANDY, TX 75755",SPEEDING - (OVERLIMIT),NA,UNDER INFLUENCE - DRUG,NORTH,Y,1,0,0,0,0,1,0
15202095,2,MOTOR VEHICLE,N,N,TX,JS1GN7BA432110082,2003,YEL,SUZUKI,NA,MOTORCYCLE,N,78745,1,PROOF OF LIABILITY INSURANCE,"MOTORCYCLE, SCOOTER, MOPED, ETC. ONLY",DAMAGED 1 MINIMUM,12,NA,NA,NA,N,ROCHAS TOWING SERVICE,ROCHAS TOWING SERVICE,NONE,NA,NA,EAST,Y,0,1,0,0,0,1,0
15251062,1,MOTOR VEHICLE,N,N,TX,JH2AF5814EK200945,NA,BLK,HONDA,NA,MOTORCYCLE,N,78586,1,PROOF OF LIABILITY INSURANCE,"MOTORCYCLE, SCOOTER, MOPED, ETC. ONLY",DAMAGED 1 MINIMUM,9,NA,NA,NA,N,TAKEN BY FAMILY MEMBER,TAKEN BY FAMILY MEMBER,NONE,NA,NA,SOUTH,Y,0,1,0,0,0,1,0
15193579,1,MOTOR VEHICLE,N,N,TX,1HD1FJV1XXY633075,1999,BLK,HARLEY-DAVIDSON,NA,MOTORCYCLE,N,79907,1,LIABILITY INSURANCE POLICY,FRONT END DAMAGE CONCENTRATED IMPACT,DAMAGED 1 MINIMUM,12,LEFT BACK QUARTER DAMAGE ANGULAR IMPACT,DAMAGED 1 MINIMUM,9,N,SOLEH,MUNICIPAL YARD,FAILED TO CONTROL SPEED,NA,NA,NORTHEAST,Y,0,0,1,0,0,1,0
15213973,2,NON-CONTACT,N,N,TX,WB10418A2WZC63392,1998,BLK,BMW,NA,MOTORCYCLE,N,76065,1,PROOF OF LIABILITY INSURANCE,NA,NA,NA,NA,NA,NA,N,,,FAILED TO YIELD ROW - PRIVATE DRIVE,NA,HAD BEEN DRINKING,WEST,N,0,0,0,1,0,0,0
15153908,2,MOTOR VEHICLE,N,N,TX,1HFSC370XWA000524,1998,MAR,HONDA,UNKNOWN,MOTORCYCLE,N,77354,1,LIABILITY INSURANCE POLICY,BACK END DAMAGE CONCENTRATED IMPACT,DAMAGED 5,12,BACK END DAMAGE CONCENTRATED IMPACT,DAMAGED 5,12,N,PRASIFKA WRECKER SERVICE,2012 S IH-45 HUTCHINS TX 75141,DISTRACTION IN VEHICLE,DRIVER INATTENTION,NA,NORTH,Y,1,0,0,0,0,1,0
15219650,1,MOTOR VEHICLE,N,N,TX,1HD1CT317GC437941,NA,ONG,HARLEY-DAVIDSON,NA,MOTORCYCLE,N,76574,1,PROOF OF LIABILITY INSURANCE,DISTRIBUTED LEFT SIDE DAMAGE PARALLEL IMPACT,DAMAGED 1 MINIMUM,11,RIGHT SIDE DAMAGE ANGULAR IMPACT,DAMAGED 1 MINIMUM,3,N,NOT TOWED,LEFT ON SCENE,FAILED TO CONTROL SPEED,NA,NA,NORTH,Y,0,1,0,0,0,1,0
15315137,2,MOTOR VEHICLE,N,N,TX,1HD4CJM463K420784,2003,SIL,HARLEY-DAVIDSON,UNKNOWN,MOTORCYCLE,N,76401,1,PROOF OF LIABILITY INSURANCE,DISTRIBUTED LEFT SIDE DAMAGE PARALLEL IMPACT,DAMAGED 1 MINIMUM,10,RIGHT SIDE DAMAGE ANGULAR IMPACT,NO DAMAGE,1,N,WRECKER,PARHAM'S,NONE,NA,NA,SOUTHWEST,Y,1,0,0,0,0,1,0
15215739,3,MOTOR VEHICLE,N,N,TX,JH2SC3306XM303212,1999,RED,HONDA,NA,MOTORCYCLE,N,78016,2,NA,"MOTORCYCLE, SCOOTER, MOPED, ETC. ONLY",DAMAGED 1 MINIMUM,NA,NA,NA,NA,N,ECONOMY TOWING,ECONOMY TOWING STORAGE FACILITY,NONE,NA,NA,WEST,N,0,1,0,0,0,1,0
15159713,2,MOTOR VEHICLE,N,N,TX,1HD1KBM16CB660953,NA,BLK,HARLEY-DAVIDSON,UNKNOWN,MOTORCYCLE,N,75036,1,PROOF OF LIABILITY INSURANCE,LEFT BACK QUARTER DAMAGE ANGULAR IMPACT,DAMAGED 1 MINIMUM,8,NA,NA,NA,N,,,NONE,NA,NA,WEST,Y,0,0,0,1,0,0,0
15189747,2,MOTOR VEHICLE,N,N,TX,1HD1KRM15EB690182,NA,BLK,HARLEY-DAVIDSON,NA,MOTORCYCLE,N,76208,1,PROOF OF LIABILITY INSURANCE,"MOTORCYCLE, SCOOTER, MOPED, ETC. ONLY",DAMAGED 1 MINIMUM,NA,NA,NA,NA,N,B&O TOWING,CITY IMPOUND,NONE,NA,NA,WEST,Y,1,0,0,0,0,1,0
15215876,1,MOTOR VEHICLE,N,N,TX,JYAVP27E9CA014830,NA,SIL,YAMAHA,UNKNOWN,MOTORCYCLE,N,77320,1,LIABILITY INSURANCE POLICY,FRONT END (LEFT) DAMAGE PARTIAL CONTACT,DAMAGED 7 HIGHEST,12,DISTRIBUTED LEFT SIDE DAMAGE PARALLEL IMPACT,DAMAGED 7 HIGHEST,11,N,DRIVER,LEFT AT SCENE,DRIVER INATTENTION,FAULTY EVASIVE ACTION,FAILED TO CONTROL SPEED,NORTHEAST,Y,0,1,0,0,0,1,0
15247608,1,MOTOR VEHICLE,N,N,TX,1HD1KGM15BB622321,NA,BLK,HARLEY-DAVIDSON,NA,MOTORCYCLE,N,77356,1,PROOF OF LIABILITY INSURANCE,"MOTORCYCLE, SCOOTER, MOPED, ETC. ONLY",DAMAGED 1 MINIMUM,12,NA,NA,NA,Y,,,DRIVER INATTENTION,FAILED TO HEED WARNING SIGN,NA,SOUTHEAST,Y,0,1,0,0,0,1,0
15299358,1,MOTOR VEHICLE,N,N,TX,1HD1DDV115Y601507,2005,BLK,HARLEY-DAVIDSON,NA,MOTORCYCLE,N,77049,1,PROOF OF LIABILITY INSURANCE,"MOTORCYCLE, SCOOTER, MOPED, ETC. ONLY",DAMAGED 1 MINIMUM,12,"MOTORCYCLE, SCOOTER, MOPED, ETC. ONLY",DAMAGED 1 MINIMUM,3,Y,BY ACCIDENT INC.,"211 AUSTIN ST, RICHMOND,TX. 77469",FAILED TO CONTROL SPEED,HAD BEEN DRINKING,NA,WEST,Y,1,0,0,0,0,1,0
15226183,1,MOTOR VEHICLE,N,N,TX,JYARM06E4FA003688,NA,BLK,YAMAHA,NA,MOTORCYCLE,N,78660,1,PROOF OF LIABILITY INSURANCE,RIGHT FRONT QUARTER DAMAGE ANGULAR IMPACT,DAMAGED 1 MINIMUM,12,DISTRIBUTED LEFT SIDE DAMAGE PARALLEL IMPACT,DAMAGED 4,12,N,OWNER,OWNER,FAILED TO DRIVE IN SINGLE LANE,PASSED ON RIGHT SHOULDER,NA,SOUTH,Y,1,0,0,0,0,1,0
15152243,1,MOTOR VEHICLE,N,N,TX,1HD1BJY104Y019963,2004,BLK,HARLEY-DAVIDSON,UNKNOWN,MOTORCYCLE,N,79936,1,LIABILITY INSURANCE POLICY,DISTRIBUTED LEFT SIDE DAMAGE PARALLEL IMPACT,DAMAGED 3,9,DISTRIBUTED RIGHT SIDE DAMAGE PARALLEL IMPACT,DAMAGED 3,3,N,SOLEH,11615 RAILROAD,FAILED TO CONTROL SPEED,NA,NA,NORTH,Y,0,1,0,0,0,1,0
15151119,3,MOTOR VEHICLE,Y,N,TX,1HD1JRV17FB035962,NA,BLK,HARLEY-DAVIDSON,UNKNOWN,MOTORCYCLE,N,79567,1,PROOF OF LIABILITY INSURANCE,"MOTORCYCLE, SCOOTER, MOPED, ETC. ONLY",DAMAGED 1 MINIMUM,9,NA,NA,NA,N,NOT TOWED,,NONE,NA,NA,UNKNOWN,N,0,0,0,0,0,0,0
15242521,2,MOTOR VEHICLE,N,N,TX,JKAEXEF11GDA25780,NA,GRY,KAWASAKI,NA,MOTORCYCLE,N,77521,1,PROOF OF LIABILITY INSURANCE,FRONT END DAMAGE CONCENTRATED IMPACT,DAMAGED 3,12,NA,NA,NA,N,MORIN WRECKER SERVICE,"2913 SHAVER, PASADENA",NONE,NA,NA,SOUTH,Y,0,1,0,0,0,1,0