CRASH_ID,UNIT_NBR,UNIT_DESC_ID,VEH_PARKED_FL,VEH_HNR_FL,VEH_LIC_STATE_ID,VIN,VEH_MOD_YEAR,VEH_COLOR_ID,VEH_MAKE_ID,VEH_MOD_ID,VEH_BODY_STYL_ID,EMER_RESPNDR_FL,OWNR_ZIP,FIN_RESP_PROOF_ID,FIN_RESP_TYPE_ID,VEH_DMAG_AREA_1_ID,VEH_DMAG_SCL_1_ID,FORCE_DIR_1_ID,VEH_DMAG_AREA_2_ID,VEH_DMAG_SCL_2_ID,FORCE_DIR_2_ID,VEH_INVENTORIED_FL,VEH_TRANSP_NAME,VEH_TRANSP_DEST,CONTRIB_FACTR_1_ID,CONTRIB_FACTR_2_ID,CONTRIB_FACTR_P1_ID,VEH_TRVL_DIR_ID,FIRST_HARM_EVT_INV_ID,INCAP_INJRY_CNT,NONINCAP_INJRY_CNT,POSS_INJRY_CNT,NON_INJRY_CNT,UNKN_INJRY_CNT,TOT_INJRY_CNT,DEATH_CNT
15201231,2,MOTOR VEHICLE,N,N,TX,WB1061205EZZ25262,NA,RED,BMW,NA,MOTORCYCLE,N,79424,1,LIABILITY INSURANCE POLICY,FRONT END (RIGHT)  DAMAGE PARTIAL CONTACT,DAMAGED 1 MINIMUM,12,DISTRIBUTED RIGHT SIDE DAMAGE PARALLEL IMPACT,DAMAGED 1 MINIMUM,2,N,,,NONE,NA,NA,EAST,Y,0,0,0,1,0,0,0
15163849,1,MOTOR VEHICLE,N,N,TX,1HD1BWV17DB019799,NA,BLU,HARLEY-DAVIDSON,NA,MOTORCYCLE,N,79924,1,PROOF OF LIABILITY INSURANCE,LEFT SIDE DAMAGE ANGULAR IMPACT,DAMAGED 3,9,RIGHT SIDE DAMAGE ANGULAR IMPACT,DAMAGED 1 MINIMUM,9,Y,SOHLE,11615 RAILROAD,FAILED TO YIELD ROW - STOP SIGN,NA,NA,NORTH,Y,0,0,1,0,0,1,0
15237398,1,MOTOR VEHICLE,N,N,TX,JH2RC50064M001509,2004,BLK,HONDA,UNKNOWN,MOTORCYCLE,N,77510,1,LIABILITY INSURANCE POLICY,DISTRIBUTED RIGHT SIDE DAMAGE PARALLEL IMPACT,DAMAGED 1 MINIMUM,3,NA,NA,NA,Y,MCH WRECKER SERVICE,WRECKER LOT,FAILED TO CONTROL SPEED,NA,NA,NORTH,Y,1,0,0,0,0,1,0
14673345,2,MOTOR VEHICLE,N,N,TX,JYAVP02E61A014938,2001,RED,YAMAHA,UNKNOWN,MOTORCYCLE,N,78384,2,NA,"MOTORCYCLE, SCOOTER, MOPED, ETC. ONLY",DAMAGED 1 MINIMUM,1,NA,NA,NA,N,DANNY'S WRECKER SERVICE,"915 CECILIA   ALICE, TEXAS 78332",NONE,NA,NA,NORTHEAST,Y,0,0,1,0,0,1,0
15255249,1,MOTOR VEHICLE,N,N,TX,MLHNC5215F5101706,NA,RED,HONDA,NA,MOTORCYCLE,N,77070,2,NA,"MOTORCYCLE, SCOOTER, MOPED, ETC. ONLY",DAMAGED 1 MINIMUM,NA,NA,NA,NA,N,T BELTS TOWING,6125 INDUSTRIAL WAY,NONE,NA,NA,EAST,Y,0,0,0,1,0,0,0
15215739,2,MOTOR VEHICLE,N,N,TX,JH2SC500X2M003052,2002,RED,HONDA,NA,MOTORCYCLE,N,76131,1,PROOF OF LIABILITY INSURANCE,"MOTORCYCLE, SCOOTER, MOPED, ETC. ONLY",DAMAGED 1 MINIMUM,NA,NA,NA,NA,N,ECONOMY TOWING,ECONOMY TOWING STORAGE FACILITY,NONE,NA,NA,WEST,Y,0,2,0,0,0,2,0
15153670,1,MOTOR VEHICLE,N,N,TX,JS1GR7NA4F2102214,NA,BLK,SUZUKI,NA,MOTORCYCLE,N,75428,2,NA,FRONT END DAMAGE DISTRIBUTED IMPACT,DAMAGED 2,12,DISTRIBUTED RIGHT SIDE DAMAGE PARALLEL IMPACT,DAMAGED 2,3,N,,,ANIMAL ON ROAD- WILD,NA,NA,WEST,Y,0,1,0,0,0,1,0
15236508,2,MOTOR VEHICLE,N,N,TX,1HD1CGP166K407951,2006,BLU,HARLEY-DAVIDSON,NA,MOTORCYCLE,N,76033,1,PROOF OF LIABILITY INSURANCE,"MOTORCYCLE, SCOOTER, MOPED, ETC. ONLY",DAMAGED 1 MINIMUM,NA,NA,NA,NA,N,LAWRENCE WRECKER,"8216 JESSEN ST. LILLIAN, TX 76061",NONE,NA,NA,NORTHWEST,Y,1,0,0,0,0,1,0
15287490,2,MOTOR VEHICLE,N,N,TX,1HD1JD517BB047493,NA,BLK,HARLEY-DAVIDSON,UNKNOWN,MOTORCYCLE,N,76140,1,LIABILITY INSURANCE POLICY,"MOTORCYCLE, SCOOTER, MOPED, ETC. ONLY",DAMAGED 1 MINIMUM,12,NA,NA,NA,Y,DAVE'S HI-WAY WRECKER SERVICE,"3010 HARDROCK ROAD, GRAND PRAIRIE",NONE,NA,NA,WEST,Y,1,0,0,0,0,1,0
15239066,1,MOTOR VEHICLE,N,N,98,5RYSJ10967J009390,NA,BLK,ALL OTHER MAKES,UNKNOWN,MOTORCYCLE,N,75462,2,NA,RIGHT SIDE AND TOP DAMAGE ROLLOVER EFFECTS,DAMAGED 1 MINIMUM,6,NA,NA,NA,N,DC'S TOWING,325 CLEMENT ROAD,UNDER INFLUENCE - ALCOHOL,NA,DRIVER INATTENTION,EAST,Y,1,0,0,0,0,1,0
15276404,2,MOTOR VEHICLE,N,N,TX,MLHMC4103C5200356,NA,WHI,HONDA,NA,MOTORCYCLE,N,79109,1,PROOF OF LIABILITY INSURANCE,BACK END DAMAGE CONCENTRATED IMPACT,DAMAGED 2,6,NA,NA,NA,N,LEFT ON SCENE,,NONE,NA,NA,WEST,Y,0,0,1,0,0,1,0
15165410,1,MOTOR VEHICLE,N,N,TX,9D10871H4,1974,PLE,HARLEY-DAVIDSON,UNKNOWN,MOTORCYCLE,N,76137,1,PROOF OF LIABILITY INSURANCE,"MOTORCYCLE, SCOOTER, MOPED, ETC. ONLY",DAMAGED 1 MINIMUM,1,NA,NA,NA,,AA WRECKER,5709 B DENTON HIGHWAY,UNDER INFLUENCE - ALCOHOL,NA,NA,WEST,Y,0,0,0,1,0,0,0
15205415,1,MOTOR VEHICLE,N,N,TX,1HD1GYM13FC317844,NA,WHI,HARLEY-DAVIDSON,NA,MOTORCYCLE,N,77586,1,PROOF OF LIABILITY INSURANCE,"MOTORCYCLE, SCOOTER, MOPED, ETC. ONLY",DAMAGED 1 MINIMUM,1,NA,NA,NA,N,,,HAD BEEN DRINKING,NA,NA,NORTHEAST,Y,0,1,0,0,0,1,0
15172548,1,MOTOR VEHICLE,N,N,TX,JS1GN7CA152110395,2005,BLK,SUZUKI,NA,MOTORCYCLE,N,79934,1,PROOF OF LIABILITY INSURANCE,FRONT END DAMAGE DISTRIBUTED IMPACT,DAMAGED 1 MINIMUM,11,LEFT SIDE DAMAGE ANGULAR IMPACT,DAMAGED 3,9,N,,,FAILED TO CONTROL SPEED,NA,DRIVER INATTENTION,NORTH,Y,0,1,0,0,0,1,0
15217035,1,MOTOR VEHICLE,N,N,TX,JS1GR7KA472113140,2007,BLK,SUZUKI,NA,MOTORCYCLE,N,78613,1,PROOF OF LIABILITY INSURANCE,DISTRIBUTED RIGHT SIDE DAMAGE PARALLEL IMPACT,DAMAGED 2,4,NA,NA,NA,N,620 LAKESIDE TOWING,620 LAKESIDE TOWING,NONE,NA,NA,NORTH,Y,0,1,0,0,0,1,0
15253886,2,MOTOR VEHICLE,N,N,OK,JKAEXVD135A091309,2005,BLK,KAWASAKI,NA,MOTORCYCLE,N,77060,1,PROOF OF LIABILITY INSURANCE,"MOTORCYCLE, SCOOTER, MOPED, ETC. ONLY",DAMAGED 1 MINIMUM,NA,NA,NA,NA,N,GREENSPOINT TOWING,5901 NORTH FWY,NONE,NA,NA,WEST,Y,0,0,1,0,0,1,0
15260527,3,MOTOR VEHICLE,N,N,TX,1HFSC3216VA200010,1997,BLK,HONDA,NA,MOTORCYCLE,N,78362,1,PROOF OF LIABILITY INSURANCE,DISTRIBUTED LEFT SIDE DAMAGE PARALLEL IMPACT,DAMAGED 1 MINIMUM,12,NA,NA,NA,N,,,NONE,NA,NA,NORTH,N,0,1,0,0,0,1,0
15207247,1,MOTOR VEHICLE,N,N,TX,1HFSC55077A307505,2007,BLU,HONDA,NA,MOTORCYCLE,N,76107,1,PROOF OF LIABILITY INSURANCE,DISTRIBUTED LEFT SIDE DAMAGE PARALLEL IMPACT,DAMAGED 2,9,DISTRIBUTED RIGHT SIDE DAMAGE PARALLEL IMPACT,DAMAGED 2,3,Y,PETTYS SERVICE CENTER,5110 IH 30 GREENVILLE TX. 75401,UNSAFE SPEED,NA,NA,NORTHEAST,Y,1,0,0,0,0,1,0
15166369,1,MOTOR VEHICLE,N,N,NA,JH2HE03073K224687,2003,WHI,HONDA,NA,MOTORCYCLE,N,75009,2,NA,RIGHT FRONT QUARTER DAMAGE ANGULAR IMPACT,DAMAGED 1 MINIMUM,2,RIGHT BACK QUARTER DAMAGE ANGULAR IMPACT,DAMAGED 1 MINIMUM,3,N,,,NONE,NA,NA,UNKNOWN,Y,0,0,0,1,0,0,0
15238263,2,MOTOR VEHICLE,N,N,TX,1N9HW21035N209018,2005,BLK,UNKNOWN,UNKNOWN,MOTORCYCLE,N,77664,1,PROOF OF LIABILITY INSURANCE,"MOTORCYCLE, SCOOTER, MOPED, ETC. ONLY",DAMAGED 1 MINIMUM,NA,NA,NA,NA,N,,,NONE,NA,NA,SOUTH,Y,0,0,0,1,0,0,0
15234985,2,MOTOR VEHICLE,N,N,TX,1HD1BW516BB024859,NA,BLK,HARLEY-DAVIDSON,NA,MOTORCYCLE,N,78228,2,NA,BACK END (LEFT) DAMAGE PARTIAL CONTACT,DAMAGED 2,7,FRONT END (LEFT) DAMAGE PARTIAL CONTACT,DAMAGED 2,11,Y,TEXAS ROADSIDE,GROWDON,NONE,NA,NA,NORTH,Y,0,0,1,0,0,1,0
15169996,2,MOTOR VEHICLE,N,N,TX,1HD4CR2129K419051,NA,RED,HARLEY-DAVIDSON,UNKNOWN,MOTORCYCLE,N,76528,1,PROOF OF LIABILITY INSURANCE,"MOTORCYCLE, SCOOTER, MOPED, ETC. ONLY",DAMAGED 1 MINIMUM,3,NA,NA,NA,N,FINCHER'S TOWING,"3209 S STATE HWY 36 GATESVILLE, TX 76528",NONE,NA,NA,WEST,Y,1,0,0,0,0,1,0
15201086,2,MOTOR VEHICLE,N,N,TX,1HD1BWV11FB024726,NA,BLK,HARLEY-DAVIDSON,NA,MOTORCYCLE,N,77382,1,PROOF OF LIABILITY INSURANCE,"MOTORCYCLE, SCOOTER, MOPED, ETC. ONLY",DAMAGED 1 MINIMUM,NA,NA,NA,NA,N,,,NONE,NA,NA,WEST,Y,0,0,0,1,0,0,0
15155720,1,MOTOR VEHICLE,N,N,TX,1HD4CEM14NY112140,1992,MAR,HARLEY-DAVIDSON,UNKNOWN,MOTORCYCLE,N,79339,2,NA,"MOTORCYCLE, SCOOTER, MOPED, ETC. ONLY",DAMAGED 1 MINIMUM,1,"MOTORCYCLE, SCOOTER, MOPED, ETC. ONLY",DAMAGED 1 MINIMUM,1,N,,RELEASED AT SCENE,UNSAFE SPEED,NA,NA,WEST,Y,0,1,0,0,0,1,0
15243364,1,MOTOR VEHICLE,N,N,TX,JKAZXCJ14FA026156,NA,GRY,KAWASAKI,NA,MOTORCYCLE,N,77026,1,LIABILITY INSURANCE POLICY,"MOTORCYCLE, SCOOTER, MOPED, ETC. ONLY",DAMAGED 1 MINIMUM,NA,NA,NA,NA,N,APPLE TOWING,1301 DART ST,UNDER INFLUENCE - ALCOHOL,NA,NA,EAST,Y,0,0,0,0,0,0,1
15243475,2,MOTOR VEHICLE,N,N,TX,JYARN23E3EA017061,NA,GRY,YAMAHA,NA,MOTORCYCLE,N,77039,1,PROOF OF LIABILITY INSURANCE,"MOTORCYCLE, SCOOTER, MOPED, ETC. ONLY",DAMAGED 1 MINIMUM,NA,NA,NA,NA,N,AIRLINE WRECKER,8050 NORTH FRWY,NONE,NA,NA,EAST,N,0,0,1,0,0,1,0
15288485,2,MOTOR VEHICLE,N,N,TX,1HD4LE214EC428301,NA,BLK,HARLEY-DAVIDSON,NA,MOTORCYCLE,N,75056,1,PROOF OF LIABILITY INSURANCE,BACK END DAMAGE DISTRIBUTED IMPACT,DAMAGED 1 MINIMUM,6,NA,NA,NA,N,DRIVEN AWAY,DRIVER,NONE,NA,NA,SOUTH,Y,0,1,0,0,0,1,0
15194267,1,MOTOR VEHICLE,N,N,TX,JS1GT76A562109088,2006,BLK,SUZUKI,NA,MOTORCYCLE,N,76137,2,NA,FRONT END DAMAGE DISTRIBUTED IMPACT,DAMAGED 7 HIGHEST,12,DISTRIBUTED RIGHT SIDE DAMAGE PARALLEL IMPACT,DAMAGED 5,12,N,AA WRECKER,5709 B DENTON HIGHWAY,UNSAFE SPEED,NA,NA,NORTH,Y,1,0,0,0,0,1,0
15268793,2,MOTOR VEHICLE,N,N,TX,1HD1JAB146Y017938,2006,BLK,HARLEY-DAVIDSON,NA,MOTORCYCLE,N,79605,1,PROOF OF LIABILITY INSURANCE,"MOTORCYCLE, SCOOTER, MOPED, ETC. ONLY",DAMAGED 1 MINIMUM,12,NA,NA,NA,N,SUDDEN IMPACT,442 WILLOW,NONE,NA,NA,NORTHEAST,Y,0,1,0,0,0,1,0
15198532,2,MOTOR VEHICLE,N,N,TX,1HD1CT3187K410978,2007,BLK,HARLEY-DAVIDSON,NA,MOTORCYCLE,N,76208,1,PROOF OF LIABILITY INSURANCE,"MOTORCYCLE, SCOOTER, MOPED, ETC. ONLY",DAMAGED 1 MINIMUM,6,NA,NA,NA,N,,,NONE,NA,NA,SOUTHWEST,Y,0,0,0,1,0,0,0
15166323,2,MOTOR VEHICLE,N,N,TX,JH2RC50006M203023,2006,PLE,HONDA,NA,MOTORCYCLE,N,75455,1,PROOF OF LIABILITY INSURANCE,"MOTORCYCLE, SCOOTER, MOPED, ETC. ONLY",DAMAGED 1 MINIMUM,NA,NA,NA,NA,Y,DICKEY MORROW,US 67 E MT PLEASANT TX 75455,NONE,NA,NA,EAST,Y,0,1,0,0,0,1,0
15177959,1,MOTOR VEHICLE,N,N,TX,JYARN23E6CA013521,NA,WHI,YAMAHA,NA,MOTORCYCLE,N,765040000,1,PROOF OF LIABILITY INSURANCE,FRONT END DAMAGE CONCENTRATED IMPACT,DAMAGED 1 MINIMUM,12,BACK END (RIGHT) DAMAGE PARTIAL CONTACT,DAMAGED 1 MINIMUM,NA,N,WARDS,WARDS,DRIVER INATTENTION,NA,NA,NORTH,Y,0,1,0,0,0,1,0
15262064,2,MOTOR VEHICLE,N,N,TX,1HD1CGP15XK129304,1999,RED,HARLEY-DAVIDSON,NA,MOTORCYCLE,N,77013,1,LIABILITY INSURANCE POLICY,"MOTORCYCLE, SCOOTER, MOPED, ETC. ONLY",DAMAGED 1 MINIMUM,12,NA,NA,NA,N,EAST HOUSTON TOWING,13836 BONHAM,NONE,NA,NA,WEST,Y,1,0,0,0,0,1,0
15162747,3,MOTOR VEHICLE,N,N,TX,1HD1KHM10CB657047,NA,BLK,HARLEY-DAVIDSON,NA,MOTORCYCLE,N,78251,1,LIABILITY INSURANCE POLICY,"MOTORCYCLE, SCOOTER, MOPED, ETC. ONLY",DAMAGED 1 MINIMUM,6,NA,NA,NA,N,,,NONE,NA,NA,NORTHEAST,N,0,0,0,2,0,0,0
15154572,5,MOTOR VEHICLE,N,N,TX,WB10166A8XXA17615,1999,BLU,BMW,R SERIES,MOTORCYCLE,N,77356,1,PROOF OF LIABILITY INSURANCE,BACK END (LEFT) DAMAGE PARTIAL CONTACT,DAMAGED 1 MINIMUM,5,BACK END (RIGHT) DAMAGE PARTIAL CONTACT,DAMAGED 1 MINIMUM,4,N,,,NONE,NA,NA,NORTHWEST,N,0,0,0,1,0,0,0
15293480,2,MOTOR VEHICLE,N,N,TX,JKAZXCD156A006185,2006,YEL,KAWASAKI,NA,MOTORCYCLE,N,78550,1,PROOF OF LIABILITY INSURANCE,BACK END DAMAGE DISTRIBUTED IMPACT,DAMAGED 2,6,NA,NA,NA,N,DOUBLE A WRECKER,1018 FAIRPARK,NONE,NA,NA,NORTH,Y,0,0,0,0,0,0,1
15235232,2,MOTOR VEHICLE,N,N,TX,1HD1LL313GC406265,NA,BLK,HARLEY-DAVIDSON,NA,MOTORCYCLE,N,78516,1,PROOF OF LIABILITY INSURANCE,RIGHT BACK QUARTER DAMAGE ANGULAR IMPACT,DAMAGED 2,4,LEFT BACK QUARTER DAMAGE ANGULAR IMPACT,DAMAGED 2,7,N,DRIVEN BY DRIVER,PICKED UP BY INSURANCE COMPANY,NONE,NA,NA,WEST,Y,0,1,0,0,0,1,0
15196688,1,MOTOR VEHICLE,N,N,TX,JKAZX4J1XYA003666,2000,BLK,KAWASAKI,NA,MOTORCYCLE,N,79927,3,PROOF OF LIABILITY INSURANCE,FRONT END (RIGHT)  DAMAGE PARTIAL CONTACT,DAMAGED 5,1,NA,NA,NA,N,SOCORRO TOWING,565 BUFORD RD,FAILED TO DRIVE IN SINGLE LANE,NA,SPEEDING - (OVERLIMIT),NORTH,Y,0,0,1,0,0,1,0
15284675,2,MOTOR VEHICLE,N,N,TN,JH2RC50394K010310,2004,RED,HONDA,NA,MOTORCYCLE,N,,2,NA,BACK END DAMAGE CONCENTRATED IMPACT,DAMAGED 3,6,DISTRIBUTED RIGHT SIDE DAMAGE PARALLEL IMPACT,DAMAGED 3,1,Y,SIGNATURE TOWING,"1204 MUNICIPAL AVE, PLANO, TX (124239)",NONE,NA,NA,SOUTH,Y,0,1,0,0,0,1,0
15192088,2,MOTOR VEHICLE,N,N,TX,JS1VY51A3Y2100509,2000,BLK,SUZUKI,NA,MOTORCYCLE,N,88401,2,NA,FRONT END DAMAGE DISTRIBUTED IMPACT,DAMAGED 7 HIGHEST,12,NA,NA,NA,N,,,UNSAFE SPEED,NA,NA,NORTH,Y,1,0,0,0,0,1,0
15187101,1,MOTOR VEHICLE,N,Y,TX,JS1GR7LA692104098,NA,BLK,SUZUKI,NA,MOTORCYCLE,N,78521,1,PROOF OF LIABILITY INSURANCE,"MOTORCYCLE, SCOOTER, MOPED, ETC. ONLY",DAMAGED 1 MINIMUM,12,NA,NA,NA,N,PENA'S WRECKER,195 N IOWA,UNDER INFLUENCE - ALCOHOL,NA,NA,NORTHEAST,Y,0,0,1,0,0,1,0
15191566,2,MOTOR VEHICLE,N,N,TX,JS1GN7CA742110111,2004,WHI,SUZUKI,UNKNOWN,MOTORCYCLE,N,76248,1,PROOF OF LIABILITY INSURANCE,"MOTORCYCLE, SCOOTER, MOPED, ETC. ONLY",DAMAGED 1 MINIMUM,NA,NA,NA,NA,N,SIGNATURE TOWING OF TEXAS,"1204 MUNICIPAL AVE., PLANO TX",SPEEDING - (OVERLIMIT),UNDER INFLUENCE - DRUG,NA,NORTH,Y,0,0,0,0,0,0,1
15241636,2,MOTOR VEHICLE,N,N,TX,1HD1FCW116Y639792,2006,BLK,HARLEY-DAVIDSON,UNKNOWN,MOTORCYCLE,N,76111,1,PROOF OF LIABILITY INSURANCE,DISTRIBUTED LEFT SIDE DAMAGE PARALLEL IMPACT,DAMAGED 1 MINIMUM,NA,DISTRIBUTED RIGHT SIDE DAMAGE PARALLEL IMPACT,DAMAGED 1 MINIMUM,NA,N,,,NONE,NA,NA,EAST,Y,0,0,0,1,0,0,0
15281241,2,MOTOR VEHICLE,N,N,TX,1HFSC47H6AA904925,NA,GRY,HONDA,NA,MOTORCYCLE,N,79108,1,PROOF OF LIABILITY INSURANCE,BACK END (RIGHT) DAMAGE PARTIAL CONTACT,DAMAGED 1 MINIMUM,6,NA,NA,NA,N,,,NONE,NA,NA,EAST,Y,0,0,0,1,0,0,0
15181129,1,MOTOR VEHICLE,N,N,TX,RLHKF1800FY000575,NA,BLK,HONDA,UNKNOWN,MOTORCYCLE,N,77662,1,PROOF OF LIABILITY INSURANCE,"MOTORCYCLE, SCOOTER, MOPED, ETC. ONLY",DAMAGED 1 MINIMUM,NA,NA,NA,NA,Y,EARNEST KNAPP,"5760 HWY 105 VIDOR, TX 77662",UNDER INFLUENCE - DRUG,FAILED TO DRIVE IN SINGLE LANE,FATIGUED OR ASLEEP,WEST,Y,0,1,0,0,0,1,0
15198573,2,MOTOR VEHICLE,N,N,TX,1HD1CGP174K417188,2004,BLK,HARLEY-DAVIDSON,NA,MOTORCYCLE,N,77026,2,NA,DISTRIBUTED RIGHT SIDE DAMAGE PARALLEL IMPACT,DAMAGED 3,3,NA,NA,NA,N,LAWRENCE WRECKER SERVICE 281-331-5022,"4511 CR 418, ROSHARON, TX, 77583",NONE,NA,NA,WEST,Y,0,1,0,0,0,1,0
15161097,1,MOTOR VEHICLE,N,N,TX,1HFSC18005A901676,2005,RED,HONDA,UNKNOWN,MOTORCYCLE,N,77651,1,PROOF OF LIABILITY INSURANCE,"MOTORCYCLE, SCOOTER, MOPED, ETC. ONLY",DAMAGED 1 MINIMUM,12,NA,NA,NA,N,K & K TOWING,WRECKER YARD,OTHER (EXPLAIN IN NARRATIVE),NA,FAILED TO CONTROL SPEED,SOUTH,Y,0,1,0,0,0,1,0
15394569,2,MOTOR VEHICLE,N,N,TX,JKAZXCJ18DA016274,NA,GRN,KAWASAKI,UNKNOWN,MOTORCYCLE,N,76018,1,PROOF OF LIABILITY INSURANCE,"MOTORCYCLE, SCOOTER, MOPED, ETC. ONLY",DAMAGED 1 MINIMUM,NA,NA,NA,NA,Y,J S WRECKER,WALNUT HILL WRECKER 9724376869,NONE,NA,NA,EAST,Y,0,0,0,0,0,0,1
15213996,1,MOTOR VEHICLE,N,N,TX,1HD1KGM11BB661875,NA,BLK,HARLEY-DAVIDSON,NA,MOTORCYCLE,N,77316,1,PROOF OF LIABILITY INSURANCE,DISTRIBUTED RIGHT SIDE DAMAGE PARALLEL IMPACT,DAMAGED 1 MINIMUM,12,DISTRIBUTED LEFT SIDE DAMAGE PARALLEL IMPACT,DAMAGED 1 MINIMUM,9,Y,"MILSTEAD TO0WING, 281-367-3535","2416 N. FRAZIER ST, COROE, TX 77303",UNSAFE SPEED,NA,NA,SOUTH,Y,1,0,0,0,0,1,0
15241953,1,MOTOR VEHICLE,N,N,TX,1HD1KRM11FB687619,NA,WHI,HARLEY-DAVIDSON,UNKNOWN,MOTORCYCLE,N,79059,1,PROOF OF LIABILITY INSURANCE,LEFT SIDE DAMAGE ANGULAR IMPACT,DAMAGED 2,9,RIGHT SIDE DAMAGE ANGULAR IMPACT,DAMAGED 2,3,N,RELEASED TO OWNER,LEFT ON SCENE WITH PROP OWNER CONSENT,UNSAFE SPEED,NA,NA,SOUTHWEST,Y,0,0,0,1,0,0,0
15242754,2,MOTOR VEHICLE,N,N,TX,1HD1KRM11EB692298,NA,BLK,HARLEY-DAVIDSON,NA,MOTORCYCLE,N,76557,1,PROOF OF LIABILITY INSURANCE,DISTRIBUTED RIGHT SIDE DAMAGE PARALLEL IMPACT,DAMAGED 2,1,LEFT SIDE DAMAGE ANGULAR IMPACT,DAMAGED 2,9,N,MACEDO,204 E MCGREGOR DR MCGREGOR TX 76657,NONE,NA,NA,SOUTH,Y,0,0,0,1,0,0,0
15330079,3,MOTOR VEHICLE,N,N,TX,JH2SC5950DK500219,NA,ONG,HONDA,NA,MOTORCYCLE,N,78541,1,PROOF OF LIABILITY INSURANCE,DISTRIBUTED LEFT SIDE DAMAGE PARALLEL IMPACT,DAMAGED 1 MINIMUM,12,LEFT SIDE DAMAGE ANGULAR IMPACT,DAMAGED 1 MINIMUM,9,N,,,OTHER (EXPLAIN IN NARRATIVE),NA,NA,SOUTHEAST,Y,1,0,0,0,0,1,0
15353342,1,MOTOR VEHICLE,N,N,TX,1HD1GHV122Y320990,2002,BLK,HARLEY-DAVIDSON,UNKNOWN,MOTORCYCLE,N,75252,1,PROOF OF LIABILITY INSURANCE,"MOTORCYCLE, SCOOTER, MOPED, ETC. ONLY",DAMAGED 1 MINIMUM,NA,NA,NA,NA,Y,JR'S AUTOMOTIVE CENTER 9032911816,304 CHEROKEE DR LONGVIEW TX 75604,UNDER INFLUENCE - ALCOHOL,FAILED TO DRIVE IN SINGLE LANE,NA,NORTHWEST,Y,0,0,0,1,0,0,0
15368432,2,MOTOR VEHICLE,N,N,TX,WB1053404EZ308530,NA,WHI,BMW,NA,MOTORCYCLE,N,77583,1,PROOF OF LIABILITY INSURANCE,"MOTORCYCLE, SCOOTER, MOPED, ETC. ONLY",DAMAGED 1 MINIMUM,6,NA,NA,NA,Y,CHAMPION COLLISION CARE,8747 SCHUMACHER,NONE,NA,NA,EAST,Y,1,0,0,0,0,1,0
15552416,1,MOTOR VEHICLE,N,N,FL,1HD1FBM18CB604517,NA,RED,HARLEY-DAVIDSON,NA,MOTORCYCLE,N,33991,1,LIABILITY INSURANCE POLICY,FRONT END (LEFT) DAMAGE PARTIAL CONTACT,DAMAGED 6,12,DISTRIBUTED LEFT SIDE DAMAGE PARALLEL IMPACT,DAMAGED 5,11,N,BOB'S TOWING,"1513 SOUTH KESSLER AVE, SCHULENBURG, TX",DRIVER INATTENTION,FAULTY EVASIVE ACTION,NA,WEST,Y,0,0,0,1,0,0,0
15375497,1,MOTOR VEHICLE,N,N,TX,JKALZCB12FA003683,NA,ONG,KAWASAKI,UNKNOWN,MOTORCYCLE,N,75472,1,PROOF OF LIABILITY INSURANCE,FRONT END DAMAGE DISTRIBUTED IMPACT,DAMAGED 4,12,NA,NA,NA,N,,,DRIVER INATTENTION,DISREGARD STOP SIGN OR LIGHT,NA,SOUTH,Y,0,0,0,1,0,0,0
15738225,2,MOTOR VEHICLE,N,N,TX,1HD4CAM10JY121226,1988,BLK,HARLEY-DAVIDSON,NA,MOTORCYCLE,N,78046,2,NA,"MOTORCYCLE, SCOOTER, MOPED, ETC. ONLY",DAMAGED 1 MINIMUM,1,NA,NA,NA,Y,ROGER CABELLO,1205 N JARVIS AVE,NONE,NA,NA,SOUTH,Y,0,0,0,0,0,0,1
15508758,1,MOTOR VEHICLE,N,N,TX,JS1GN7BA822109175,2002,SIL,SUZUKI,UNKNOWN,MOTORCYCLE,N,78207,1,PROOF OF LIABILITY INSURANCE,"MOTORCYCLE, SCOOTER, MOPED, ETC. ONLY",DAMAGED 1 MINIMUM,NA,NA,NA,NA,Y,FLY TOWING (512)269-2082,"1124 N. BLANCO ST LOCKHART, TX 78644",UNSAFE SPEED,UNDER INFLUENCE - ALCOHOL,NA,NORTHWEST,Y,1,0,0,0,0,1,0
15307231,1,MOTOR VEHICLE,N,N,TX,JH2RC44505M802194,2005,BLK,HONDA,NA,MOTORCYCLE,N,75803,1,PROOF OF LIABILITY INSURANCE,"MOTORCYCLE, SCOOTER, MOPED, ETC. ONLY",DAMAGED 1 MINIMUM,12,NA,NA,NA,Y,"SHARPS WRECKER, 903-876-4094","811 W. HWY 175, FRANKSTON, TX",UNDER INFLUENCE - ALCOHOL,PASSED IN NO PASSING LANE,NA,SOUTH,Y,0,0,1,0,0,1,0