CRASH_ID,UNIT_NBR,UNIT_DESC_ID,VEH_PARKED_FL,VEH_HNR_FL,VEH_LIC_STATE_ID,VIN,VEH_MOD_YEAR,VEH_COLOR_ID,VEH_MAKE_ID,VEH_MOD_ID,VEH_BODY_STYL_ID,EMER_RESPNDR_FL,OWNR_ZIP,FIN_RESP_PROOF_ID,FIN_RESP_TYPE_ID,VEH_DMAG_AREA_1_ID,VEH_DMAG_SCL_1_ID,FORCE_DIR_1_ID,VEH_DMAG_AREA_2_ID,VEH_DMAG_SCL_2_ID,FORCE_DIR_2_ID,VEH_INVENTORIED_FL,VEH_TRANSP_NAME,VEH_TRANSP_DEST,CONTRIB_FACTR_1_ID,CONTRIB_FACTR_2_ID,CONTRIB_FACTR_P1_ID,VEH_TRVL_DIR_ID,FIRST_HARM_EVT_INV_ID,INCAP_INJRY_CNT,NONINCAP_INJRY_CNT,POSS_INJRY_CNT,NON_INJRY_CNT,UNKN_INJRY_CNT,TOT_INJRY_CNT,DEATH_CNT
15411434,3,MOTOR VEHICLE,Y,N,TX,LB5TMCBD0CZ000077,NA,GRN,ALL OTHER MAKES,UNKNOWN,MOTORCYCLE,N,75204,2,NA,LEFT SIDE DAMAGE ANGULAR IMPACT,DAMAGED 1 MINIMUM,9,NA,NA,NA,N,,,NONE,NA,NA,NORTH,N,0,0,0,0,0,0,0
15431850,1,MOTOR VEHICLE,N,N,TX,WB10597017ZN47096,2007,GRY,BMW,F SERIES,MOTORCYCLE,N,75228,1,PROOF OF LIABILITY INSURANCE,"MOTORCYCLE, SCOOTER, MOPED, ETC. ONLY",DAMAGED 1 MINIMUM,12,NA,NA,NA,Y,S & N TOWING,"442 BALCONES DR., FREDERICKSBURG, TX",ANIMAL ON ROAD- WILD,UNDER INFLUENCE - ALCOHOL,NA,WEST,Y,0,1,0,0,0,1,0
15413514,1,MOTOR VEHICLE,N,N,TX,1HD1BXB1X4Y056708,2004,BLK,HARLEY-DAVIDSON,UNKNOWN,MOTORCYCLE,N,79045,1,LIABILITY INSURANCE POLICY,FRONT END DAMAGE DISTRIBUTED IMPACT,DAMAGED 1 MINIMUM,1,NA,NA,NA,N,NOT TOWED,MOVED BY DRIVER,FOLLOWED TOO CLOSELY,NA,DRIVER INATTENTION,WEST,Y,0,0,0,1,0,0,0
15330506,1,MOTOR VEHICLE,N,N,TX,JYAVP11E0XA002171,1999,RED,YAMAHA,UNKNOWN,MOTORCYCLE,N,79714,1,PROOF OF LIABILITY INSURANCE,"MOTORCYCLE, SCOOTER, MOPED, ETC. ONLY",DAMAGED 1 MINIMUM,NA,NA,NA,NA,Y,WRECKIN CREW (ROTATION),"603 SW  AVE E, ANDREWS, TX, 79714",UNSAFE SPEED,NA,HAD BEEN DRINKING,NORTHWEST,Y,0,1,0,0,0,1,0
15326788,1,MOTOR VEHICLE,N,N,TX,1HFSC47012A106960,2002,SIL,HONDA,NA,MOTORCYCLE,N,78336,1,PROOF OF LIABILITY INSURANCE,"MOTORCYCLE, SCOOTER, MOPED, ETC. ONLY",DAMAGED 1 MINIMUM,NA,NA,NA,NA,Y,E&J WRECKER  361-758-8286,"1225 N COMMERICAL ARANSAS PASS, TX",FAILED TO YIELD ROW - TURNING LEFT,UNDER INFLUENCE - ALCOHOL,NA,NORTHEAST,Y,1,0,0,0,0,1,0
15350686,2,MOTOR VEHICLE,N,N,TX,56KCCDAA8G3330233,NA,BLK,INDIAN,NA,MOTORCYCLE,N,78073,1,PROOF OF LIABILITY INSURANCE,"MOTORCYCLE, SCOOTER, MOPED, ETC. ONLY",DAMAGED 1 MINIMUM,NA,NA,NA,NA,N,,,NONE,NA,NA,WEST,Y,0,0,1,0,0,1,0
15468104,1,MOTOR VEHICLE,N,N,TX,JS1GR7JA442103141,2004,YEL,SUZUKI,UNKNOWN,MOTORCYCLE,N,77578,1,PROOF OF LIABILITY INSURANCE,VEHICLE BURNED,DAMAGED 7 HIGHEST,NA,"MOTORCYCLE, SCOOTER, MOPED, ETC. ONLY",DAMAGED 1 MINIMUM,NA,N,CHARLES JONES,"9418 TURNER ROAD, MANVEL, TX 77578",UNSAFE SPEED,NA,NA,SOUTH,Y,0,1,0,0,0,1,0
15500991,1,MOTOR VEHICLE,N,N,TX,JH2RC6848FK100313,NA,BLK,HONDA,UNKNOWN,MOTORCYCLE,N,76034,2,NA,BACK END (LEFT) DAMAGE PARTIAL CONTACT,DAMAGED 5,6,FRONT END (LEFT) DAMAGE PARTIAL CONTACT,DAMAGED 3,1,Y,AA WRECKER SERVICE,5709 DENTON HIGHWAY,DRIVER INATTENTION,FAILED TO CONTROL SPEED,NA,NORTH,Y,0,0,1,0,0,1,0
15422913,1,MOTOR VEHICLE,N,N,TX,JH2RC071XCM025800,1982,BLK,HONDA,NA,MOTORCYCLE,N,79103,2,NA,DISTRIBUTED LEFT SIDE DAMAGE PARALLEL IMPACT,DAMAGED 1 MINIMUM,7,RIGHT BACK QUARTER DAMAGE ANGULAR IMPACT,DAMAGED 1 MINIMUM,5,N,,,FAILED TO CONTROL SPEED,NA,NA,WEST,Y,0,1,0,0,0,1,0
15491638,1,MOTOR VEHICLE,N,N,TX,JKAZXCD106A013934,2006,BLK,KAWASAKI,NA,MOTORCYCLE,N,77656,1,PROOF OF LIABILITY INSURANCE,"MOTORCYCLE, SCOOTER, MOPED, ETC. ONLY",DAMAGED 1 MINIMUM,NA,NA,NA,NA,N,ALLIED COLLISION CENTER,9520 S.KIRKWOOD DR,NA,NA,FAILED TO CONTROL SPEED,NORTH,Y,0,1,1,0,0,2,0
15388050,1,MOTOR VEHICLE,N,N,TX,1RD1GX4117K301434,2007,BLK,HARLEY-DAVIDSON,NA,MOTORCYCLE,N,76513,2,NA,RIGHT SIDE DAMAGE ANGULAR IMPACT,DAMAGED 5,3,NA,NA,NA,N,,,UNDER INFLUENCE - ALCOHOL,FAILED TO CONTROL SPEED,NA,EAST,Y,1,0,0,0,0,1,0
15498422,1,MOTOR VEHICLE,N,N,TX,JYAVP32E7EA003969,NA,BLK,YAMAHA,UNKNOWN,MOTORCYCLE,N,79720,1,PROOF OF LIABILITY INSURANCE,FRONT END DAMAGE DISTRIBUTED IMPACT,DAMAGED 2,12,DISTRIBUTED RIGHT SIDE DAMAGE PARALLEL IMPACT,DAMAGED 2,1,N,,,UNSAFE SPEED,NA,NA,NORTHEAST,Y,0,0,1,0,0,1,0
15416284,1,MOTOR VEHICLE,N,N,TX,1HD1TAN12FB962959,NA,BRO,HARLEY-DAVIDSON,UNKNOWN,MOTORCYCLE,N,77479,1,PROOF OF LIABILITY INSURANCE,LEFT SIDE AND TOP DAMAGE ROLLOVER EFFECTS,DAMAGED 6,9,RIGHT SIDE AND TOP DAMAGE ROLLOVER EFFECTS,DAMAGED 6,3,N,LONG'S WRECKER 281-642-3135,"14001 S. MAIN, HOUSTON, TX",FAILED TO CONTROL SPEED,NA,NA,NORTHWEST,Y,1,0,0,0,0,1,0
15356285,1,MOTOR VEHICLE,N,Y,TX,ZDM1RADMX7B104463,2007,BLK,DUCATI,NA,MOTORCYCLE,N,75230,2,NA,FRONT END DAMAGE CONCENTRATED IMPACT,DAMAGED 3,12,LEFT SIDE DAMAGE ANGULAR IMPACT,DAMAGED 3,9,Y,MCINTYRES,4515 US HWY 80 MESQUITE TX 75150,SPEEDING - (OVERLIMIT),PARKED IN TRAFFIC LANE,NA,WEST,Y,1,0,0,0,0,1,0
15327483,2,MOTOR VEHICLE,N,N,TX,1HFSC55027A305371,2007,BLK,HONDA,NA,MOTORCYCLE,N,77521,1,PROOF OF LIABILITY INSURANCE,"MOTORCYCLE, SCOOTER, MOPED, ETC. ONLY",DAMAGED 1 MINIMUM,NA,NA,NA,NA,N,3 ACES 409-389-2324,"104 SH-65 ANAHUAC, TX 77514",NONE,NA,NA,WEST,Y,1,0,0,0,0,1,0
15399675,1,MOTOR VEHICLE,N,N,TX,JKAZX4P157A004651,2007,BLK,KAWASAKI,NA,MOTORCYCLE,N,78387,2,NA,"MOTORCYCLE, SCOOTER, MOPED, ETC. ONLY",DAMAGED 1 MINIMUM,12,NA,NA,NA,N,,,SPEEDING - (OVERLIMIT),UNDER INFLUENCE - ALCOHOL,NA,WEST,Y,0,1,0,0,0,1,0
15460979,3,MOTOR VEHICLE,N,N,TX,L9NTELKE9G1200633,NA,BLK,ALL OTHER MAKES,NA,MOTORCYCLE,N,75214,2,NA,"MOTORCYCLE, SCOOTER, MOPED, ETC. ONLY",DAMAGED 1 MINIMUM,3,NA,NA,NA,Y,CONTRACT WRECKER,"1955 VILBIG RD, DALLAS, TEXAS",NONE,NA,NA,SOUTH,N,0,0,1,0,0,1,0
15339729,1,MOTOR VEHICLE,N,N,TX,JH2RC4404YM200472,2000,BLK,HONDA,NA,MOTORCYCLE,N,78728,2,NA,DISTRIBUTED LEFT SIDE DAMAGE PARALLEL IMPACT,DAMAGED 4,9,NA,NA,NA,Y,SOUTHSIDE WRECKER INC,SOUTHSIDE WRECKER INC,FLEEING OR EVADING POLICE,FAILED TO CONTROL SPEED,HAD BEEN DRINKING,NORTHWEST,Y,1,0,0,0,0,1,0
15397948,1,MOTOR VEHICLE,N,N,TX,5VPDW36N9E3035924,NA,BLK,VICTORY,UNKNOWN,MOTORCYCLE,N,76244,1,LIABILITY INSURANCE POLICY,DISTRIBUTED RIGHT SIDE DAMAGE PARALLEL IMPACT,DAMAGED 1 MINIMUM,3,DISTRIBUTED LEFT SIDE DAMAGE PARALLEL IMPACT,DAMAGED 1 MINIMUM,9,N,GARY HOWARD,"1799 N HWY 81, DECATUR 9406272852",ANIMAL ON ROAD- WILD,NA,NA,NORTH,Y,0,1,0,0,0,1,0
15396023,1,MOTOR VEHICLE,N,N,TX,1HFSC55015A103943,2005,WHI,HONDA,NA,MOTORCYCLE,N,78840,1,LIABILITY INSURANCE POLICY,LEFT SIDE DAMAGE ANGULAR IMPACT,DAMAGED 4,9,RIGHT SIDE DAMAGE ANGULAR IMPACT,DAMAGED 5,3,N,,,UNSAFE SPEED,NA,NA,WEST,Y,0,1,0,0,0,1,0
15452308,3,MOTOR VEHICLE,N,N,TX,1HD1FS4187Y624429,2007,RED,HARLEY-DAVIDSON,NA,MOTORCYCLE,N,77033,1,PROOF OF LIABILITY INSURANCE,"MOTORCYCLE, SCOOTER, MOPED, ETC. ONLY",DAMAGED 1 MINIMUM,NA,NA,NA,NA,N,,REMOVED BY OWNER,NONE,NA,NA,SOUTH,N,0,0,0,1,0,0,0
15371765,2,MOTOR VEHICLE,N,N,TX,1HD1FHM19GB674455,NA,BLK,HARLEY-DAVIDSON,NA,MOTORCYCLE,Y,79401,1,CERTIFICATE OF SELF-INSURANCE,FRONT END DAMAGE DISTRIBUTED IMPACT,NO DAMAGE,12,NA,NA,NA,N,DRIVEN FROM SCENE BY DRIVER,,NONE,NA,NA,EAST,Y,0,0,0,1,0,0,0
15432490,1,MOTOR VEHICLE,N,N,TX,JKAZRBC13XA026782,1999,GRN,KAWASAKI,NA,MOTORCYCLE,N,78745,1,PROOF OF LIABILITY INSURANCE,"MOTORCYCLE, SCOOTER, MOPED, ETC. ONLY",DAMAGED 1 MINIMUM,12,NA,NA,NA,N,,,FAILED TO CONTROL SPEED,HAD BEEN DRINKING,NA,SOUTHWEST,Y,0,1,0,0,0,1,0
15372894,1,MOTOR VEHICLE,N,N,TX,RKRSE48Y6DA092767,NA,BLK,YAMAHA,UNKNOWN,MOTORCYCLE,N,78230,2,NA,LEFT SIDE DAMAGE ANGULAR IMPACT,DAMAGED 2,11,NA,NA,NA,N,CONTRACT,GROWDON POUND,UNDER INFLUENCE - ALCOHOL,DRIVER INATTENTION,NA,WEST,Y,0,1,0,0,0,1,0
15504720,1,MOTOR VEHICLE,N,N,TX,1HD1GN4107K331593,2007,MAR,HARLEY-DAVIDSON,UNKNOWN,MOTORCYCLE,N,78245,2,NA,FRONT END (RIGHT)  DAMAGE PARTIAL CONTACT,DAMAGED 1 MINIMUM,1,LEFT SIDE DAMAGE ANGULAR IMPACT,DAMAGED 2,9,N,,,DRIVER INATTENTION,FAILED TO CONTROL SPEED,NA,SOUTHWEST,Y,0,0,0,1,0,0,0
15311089,1,MOTOR VEHICLE,N,N,TX,JKAEXEA147A021647,2007,MUL,KAWASAKI,UNKNOWN,MOTORCYCLE,N,78205,2,NA,FRONT END DAMAGE DISTRIBUTED IMPACT,DAMAGED 4,12,LEFT FRONT QUARTER DAMAGE ANGULAR IMPACT,DAMAGED 3,10,N,TEXAS TOWING,GROWDON,DRIVER INATTENTION,NA,ANIMAL ON ROAD- DOMESTIC,EAST,Y,0,1,0,0,0,1,0
15352001,1,MOTOR VEHICLE,N,N,TX,1HD1JT914GC011377,NA,BLK,HARLEY-DAVIDSON,NA,MOTORCYCLE,N,77845,1,PROOF OF LIABILITY INSURANCE,RIGHT FRONT QUARTER DAMAGE ANGULAR IMPACT,DAMAGED 2,3,BACK END DAMAGE DISTRIBUTED IMPACT,DAMAGED 2,6,N,,,FAILED TO YIELD ROW - TURNING LEFT,NA,NA,NORTH,Y,1,0,0,0,0,1,0
15347363,1,MOTOR VEHICLE,N,N,TX,1HD1LC316CC455731,NA,BLK,HARLEY-DAVIDSON,NA,MOTORCYCLE,N,76164,2,NA,FRONT END (RIGHT)  DAMAGE PARTIAL CONTACT,DAMAGED 1 MINIMUM,1,LEFT SIDE DAMAGE ANGULAR IMPACT,DAMAGED 2,9,N,BEARD'S,PRIVATE RESIDENCE,FOLLOWED TOO CLOSELY,FAULTY EVASIVE ACTION,NA,EAST,Y,0,1,0,0,0,1,0
15322225,2,MOTOR VEHICLE,N,N,TX,JKAEXVD197A104227,2007,GLD,KAWASAKI,NA,MOTORCYCLE,N,78043,1,PROOF OF LIABILITY INSURANCE,LEFT SIDE DAMAGE ANGULAR IMPACT,DAMAGED 1 MINIMUM,9,RIGHT SIDE DAMAGE ANGULAR IMPACT,DAMAGED 1 MINIMUM,3,N,DRIVER,DRIVEN AWAY,NONE,NA,NA,WEST,Y,0,0,1,0,0,1,0
15513712,1,MOTOR VEHICLE,N,N,TX,JKAZX4P117A011497,2007,SIL,KAWASAKI,NA,MOTORCYCLE,Y,77377,2,NA,BACK END DAMAGE CONCENTRATED IMPACT,DAMAGED 1 MINIMUM,6,LEFT SIDE DAMAGE ANGULAR IMPACT,DAMAGED 5,9,N,,LEFT AT SCENE,OTHER (EXPLAIN IN NARRATIVE),NA,FAILED TO CONTROL SPEED,SOUTH,Y,0,0,1,0,0,1,0
15312081,1,MOTOR VEHICLE,N,N,TX,1HD1GHV1XXY313096,1999,BLK,HARLEY-DAVIDSON,UNKNOWN,MOTORCYCLE,N,76431,1,PROOF OF LIABILITY INSURANCE,"MOTORCYCLE, SCOOTER, MOPED, ETC. ONLY",DAMAGED 1 MINIMUM,NA,NA,NA,NA,Y,CHICO AUTO PARTS,"602 S. WEATHERFORD ST. CHICO, TX",UNDER INFLUENCE - ALCOHOL,NA,NA,NORTHWEST,Y,0,0,1,0,0,1,0
15435778,2,MOTOR VEHICLE,N,N,TX,JH2RC5009EK100371,NA,BLK,HONDA,NA,MOTORCYCLE,N,79936,1,PROOF OF LIABILITY INSURANCE,FRONT END DAMAGE DISTRIBUTED IMPACT,DAMAGED 4,12,FRONT END (LEFT) DAMAGE PARTIAL CONTACT,DAMAGED 3,11,N,DEPENDABLE TOWING,OWNERS REQUEST,OTHER (EXPLAIN IN NARRATIVE),NA,NA,WEST,Y,0,0,1,0,0,1,0
15628134,2,MOTOR VEHICLE,N,N,TX,JH2RC44513M704028,2003,PLE,HONDA,NA,MOTORCYCLE,N,77014,2,NA,FRONT END DAMAGE CONCENTRATED IMPACT,DAMAGED 1 MINIMUM,12,NA,NA,NA,Y,"ACCESS BODY, #652","36 TIDWELL, 713-697-8655",NONE,NA,NA,WEST,Y,0,0,1,0,0,1,0
15390353,3,MOTOR VEHICLE,N,N,TX,1HD1LC314EC427512,NA,WHI,HARLEY-DAVIDSON,UNKNOWN,MOTORCYCLE,N,75041,1,PROOF OF LIABILITY INSURANCE,"MOTORCYCLE, SCOOTER, MOPED, ETC. ONLY",DAMAGED 1 MINIMUM,NA,NA,NA,NA,N,,,NONE,NA,NA,SOUTH,N,1,0,0,0,0,1,0
15400609,1,MOTOR VEHICLE,N,N,WA,JYAVM01E97A099292,2007,BLK,YAMAHA,NA,MOTORCYCLE,N,98607,1,PROOF OF LIABILITY INSURANCE,FRONT END DAMAGE DISTRIBUTED IMPACT,DAMAGED 1 MINIMUM,12,DISTRIBUTED RIGHT SIDE DAMAGE PARALLEL IMPACT,DAMAGED 1 MINIMUM,1,N,DRIVER,RIDEN AWAY,OTHER (EXPLAIN IN NARRATIVE),NA,NA,SOUTH,Y,0,0,1,0,0,1,0
15430315,1,MOTOR VEHICLE,N,N,TX,1HD1CGP155K455133,2005,RED,HARLEY-DAVIDSON,NA,MOTORCYCLE,N,77581,1,LIABILITY INSURANCE POLICY,DISTRIBUTED LEFT SIDE DAMAGE PARALLEL IMPACT,DAMAGED 3,NA,DISTRIBUTED RIGHT SIDE DAMAGE PARALLEL IMPACT,DAMAGED 3,NA,N,CASH MONEY,WRECKER LOT,FAILED TO CONTROL SPEED,UNDER INFLUENCE - ALCOHOL,NA,NORTH,Y,0,1,0,0,0,1,0
15420414,2,MOTOR VEHICLE,N,N,TX,1HD1GTV115K310977,2005,GRY,HARLEY-DAVIDSON,NA,MOTORCYCLE,N,75670,1,LIABILITY INSURANCE POLICY,"MOTORCYCLE, SCOOTER, MOPED, ETC. ONLY",DAMAGED 1 MINIMUM,12,NA,NA,NA,N,,,NONE,NA,NA,SOUTH,Y,1,0,0,0,0,1,0
15338625,1,MOTOR VEHICLE,N,N,TX,L9NTEACT0E1009214,NA,BLU,ALL OTHER MAKES,UNKNOWN,MOTORCYCLE,N,75757,1,PROOF OF LIABILITY INSURANCE,"MOTORCYCLE, SCOOTER, MOPED, ETC. ONLY",DAMAGED 1 MINIMUM,NA,NA,NA,NA,Y,CROW TOWING,"2929 CROW RD.; TYLER, TX",UNDER INFLUENCE - ALCOHOL,NA,NA,SOUTH,Y,1,0,0,0,0,1,0
15489859,1,MOTOR VEHICLE,N,N,TX,LD6PCK0B9FL100221,NA,GRN,UNKNOWN,UNKNOWN,MOTORCYCLE,N,75060,2,NA,FRONT END DAMAGE DISTRIBUTED IMPACT,DAMAGED 2,12,LEFT BACK QUARTER DAMAGE ANGULAR IMPACT,DAMAGED 1 MINIMUM,8,Y,CONTRACT WRECKER,"1955 VILBIG RD, DALLAS, TEXAS",FAILED TO YIELD ROW - PRIVATE DRIVE,NA,NA,SOUTHEAST,Y,0,0,1,0,0,1,0
15329801,1,MOTOR VEHICLE,N,N,TX,1HD1HAZ114K808803,2004,SIL,HARLEY-DAVIDSON,NA,MOTORCYCLE,N,76262,1,LIABILITY INSURANCE POLICY,FRONT END DAMAGE DISTRIBUTED IMPACT,DAMAGED 2,12,"MOTORCYCLE, SCOOTER, MOPED, ETC. ONLY",DAMAGED 1 MINIMUM,12,N,,,NONE,NA,NA,SOUTH,Y,0,0,1,0,0,1,0
15311401,1,MOTOR VEHICLE,N,N,TX,JYAVG04EX7A003687,2007,MAR,YAMAHA,UNKNOWN,MOTORCYCLE,N,78664,2,NA,"MOTORCYCLE, SCOOTER, MOPED, ETC. ONLY",DAMAGED 1 MINIMUM,12,"MOTORCYCLE, SCOOTER, MOPED, ETC. ONLY",DAMAGED 1 MINIMUM,9,N,CASH TOWING,"1501 BLACKJACK ST. LOCKHART, TX 78644",FAILED TO CONTROL SPEED,NA,DRIVER INATTENTION,WEST,Y,0,1,0,0,0,1,0
15386364,1,MOTOR VEHICLE,N,N,TX,LPRSA30A87A131823,2007,BLK,YAMAHA,NA,MOTORCYCLE,N,78741,1,PROOF OF LIABILITY INSURANCE,FRONT END (RIGHT)  DAMAGE PARTIAL CONTACT,DAMAGED 3,2,NA,NA,NA,Y,SOUTHSIDE WRECKER INC,SOUTHSIDE WRECKER INC,HAD BEEN DRINKING,NA,UNSAFE SPEED,EAST,Y,0,0,0,1,0,0,0
15545234,1,MOTOR VEHICLE,N,N,TX,JYAVP11E4XA000603,1999,BLK,YAMAHA,NA,MOTORCYCLE,N,77573,1,PROOF OF LIABILITY INSURANCE,"MOTORCYCLE, SCOOTER, MOPED, ETC. ONLY",DAMAGED 1 MINIMUM,NA,NA,NA,NA,Y,ACTION TOWING,ACTION TOWING,FAILED TO CONTROL SPEED,UNDER INFLUENCE - ALCOHOL,NA,NORTH,Y,0,1,0,0,0,1,0
15440548,2,MOTOR VEHICLE,N,N,TX,JYARJ08Y85A000422,2005,SIL,YAMAHA,NA,MOTORCYCLE,N,78412,1,PROOF OF LIABILITY INSURANCE,"MOTORCYCLE, SCOOTER, MOPED, ETC. ONLY",DAMAGED 1 MINIMUM,NA,NA,NA,NA,N,BOB JOHNSON WRECKER,6333 HARWICK RD,NONE,NA,NA,NORTH,N,0,0,1,0,0,1,0
15377621,2,MOTOR VEHICLE,N,N,TX,1HD1MAN169Y852707,NA,BLK,HARLEY-DAVIDSON,NA,MOTORCYCLE,N,77469,1,PROOF OF LIABILITY INSURANCE,FRONT END DAMAGE CONCENTRATED IMPACT,DAMAGED 2,12,NA,NA,NA,N,REDLINE TOWING,"2121 STEHLE ROAD, ROSENBERG 832-277-0714",NONE,NA,NA,WEST,Y,0,0,2,0,0,2,0
15310472,1,MOTOR VEHICLE,N,N,TX,1HD1KBM13DB618712,NA,YEL,HARLEY-DAVIDSON,NA,MOTORCYCLE,N,76058,1,LIABILITY INSURANCE POLICY,FRONT END DAMAGE CONCENTRATED IMPACT,DAMAGED 2,12,RIGHT SIDE DAMAGE ANGULAR IMPACT,DAMAGED 1 MINIMUM,3,N,LONESTAR TOWING,101 MAXIE ST,DRIVER INATTENTION,FAILED TO YIELD ROW - TURNING LEFT,NA,SOUTH,Y,1,0,0,0,0,1,0
15630307,2,MOTOR VEHICLE,N,N,TX,JYARJ06E13A007265,2003,WHI,YAMAHA,NA,MOTORCYCLE,N,76706,2,NA,"MOTORCYCLE, SCOOTER, MOPED, ETC. ONLY",DAMAGED 1 MINIMUM,NA,NA,NA,NA,Y,RIGHT AWAY TOWING,5675 W TIDWELL RD,NONE,NA,NA,WEST,N,0,1,0,0,0,1,0
15313056,1,MOTOR VEHICLE,N,N,TX,JYAVM01EX2A036369,2002,BLK,YAMAHA,NA,MOTORCYCLE,N,,2,NA,RIGHT SIDE DAMAGE ANGULAR IMPACT,DAMAGED 6,12,UNKNOWN,DAMAGED 6,3,Y,JN,DAVID MCBROOMS,CHANGED LANE WHEN UNSAFE,DRIVER INATTENTION,FAILED TO PASS TO LEFT SAFELY,UNKNOWN,Y,0,0,1,0,0,1,0
15425248,4,MOTOR VEHICLE,N,N,TX,RFVPAP5A6F1117757,NA,BLK,NA,NA,MOTORCYCLE,N,77840,1,PROOF OF LIABILITY INSURANCE,NA,NA,NA,NA,NA,NA,N,,,NA,NA,FAULTY EVASIVE ACTION,WEST,Y,0,0,1,0,0,1,0
15550369,2,MOTOR VEHICLE,N,N,TX,1HD4CAM153K400841,2003,BLK,HARLEY-DAVIDSON,NA,MOTORCYCLE,N,78666,1,LIABILITY INSURANCE POLICY,BACK END DAMAGE DISTRIBUTED IMPACT,DAMAGED 2,NA,NA,NA,NA,Y,COMAL TOWING,"1702 S IH 35, SAN MARCOS TX 78666",NONE,NA,NA,NORTHEAST,Y,0,0,0,1,0,0,0
15456193,1,MOTOR VEHICLE,N,N,TX,JKAZXCJ1XCA010538,NA,RED,KAWASAKI,NA,MOTORCYCLE,Y,79765,1,LIABILITY INSURANCE POLICY,DISTRIBUTED LEFT SIDE DAMAGE PARALLEL IMPACT,DAMAGED 2,9,DISTRIBUTED RIGHT SIDE DAMAGE PARALLEL IMPACT,DAMAGED 2,3,N,,,FAILED TO CONTROL SPEED,NA,NA,WEST,Y,0,1,0,0,0,1,0
15431895,1,MOTOR VEHICLE,N,N,TX,1HD1BLY194Y044243,2004,YEL,HARLEY-DAVIDSON,NA,MOTORCYCLE,N,77498,1,PROOF OF LIABILITY INSURANCE,FRONT END DAMAGE DISTRIBUTED IMPACT,DAMAGED 2,12,NA,NA,NA,N,OFF THE HOOK TOWING & RECOVERY,20090 A FRANZ RD,FAILED TO CONTROL SPEED,NA,NA,EAST,N,0,0,0,1,0,0,0
15359861,1,MOTOR VEHICLE,N,N,TX,1HD1CT3138K435546,NA,WHI,HARLEY-DAVIDSON,UNKNOWN,MOTORCYCLE,N,79720,2,NA,FRONT END DAMAGE CONCENTRATED IMPACT,DAMAGED 2,12,LEFT SIDE DAMAGE ANGULAR IMPACT,DAMAGED 3,9,Y,MARK LOPEZ,"EAST 19TH AND LOOP 289, LUBBOCK TX 79403",FAILED TO CONTROL SPEED,NA,NA,SOUTH,Y,1,0,0,0,0,1,0
15481288,2,MOTOR VEHICLE,N,N,TX,1HD1MCM19GB854754,NA,BLK,HARLEY-DAVIDSON,NA,MOTORCYCLE,N,77338,1,PROOF OF LIABILITY INSURANCE,"MOTORCYCLE, SCOOTER, MOPED, ETC. ONLY",DAMAGED 1 MINIMUM,NA,NA,NA,NA,N,PRESTIGE  ( T4865J ),4004 ARC ST.,NONE,NA,NA,WEST,Y,0,0,1,0,0,1,0
15512291,2,MOTOR VEHICLE,N,N,TX,57XAAPFA5G7117916,NA,BLU,POLARIS,UNKNOWN,MOTORCYCLE,N,76008,1,PROOF OF LIABILITY INSURANCE,BACK END (RIGHT) DAMAGE PARTIAL CONTACT,DAMAGED 2,6,NA,NA,NA,N,DRIVEN AWAY BY OWNER,,NONE,NA,NA,WEST,Y,0,0,0,1,0,0,0
15415081,1,MOTOR VEHICLE,N,N,TX,JYAVP24E97A002526,2007,MAR,YAMAHA,UNKNOWN,MOTORCYCLE,N,76084,1,LIABILITY INSURANCE POLICY,"MOTORCYCLE, SCOOTER, MOPED, ETC. ONLY",DAMAGED 1 MINIMUM,12,NA,NA,NA,N,,,UNSAFE SPEED,FAULTY EVASIVE ACTION,HAD BEEN DRINKING,SOUTH,Y,0,1,0,0,0,1,0
15379778,1,MOTOR VEHICLE,N,N,TX,1HD1PLF165Y951327,2005,BLU,HARLEY-DAVIDSON,NA,MOTORCYCLE,N,78211,1,PROOF OF LIABILITY INSURANCE,FRONT END DAMAGE CONCENTRATED IMPACT,DAMAGED 2,12,NA,NA,NA,N,,,NONE,NA,NA,SOUTHWEST,Y,0,1,0,0,0,1,0
15390994,2,MOTOR VEHICLE,N,N,TX,1HD1JNV11CB023438,NA,BLK,HARLEY-DAVIDSON,UNKNOWN,MOTORCYCLE,N,79720,1,PROOF OF LIABILITY INSURANCE,"MOTORCYCLE, SCOOTER, MOPED, ETC. ONLY",DAMAGED 1 MINIMUM,11,NA,NA,NA,N,,,NONE,NA,NA,EAST,Y,0,0,0,1,0,0,0