CRASH_ID,UNIT_NBR,UNIT_DESC_ID,VEH_PARKED_FL,VEH_HNR_FL,VEH_LIC_STATE_ID,VIN,VEH_MOD_YEAR,VEH_COLOR_ID,VEH_MAKE_ID,VEH_MOD_ID,VEH_BODY_STYL_ID,EMER_RESPNDR_FL,OWNR_ZIP,FIN_RESP_PROOF_ID,FIN_RESP_TYPE_ID,VEH_DMAG_AREA_1_ID,VEH_DMAG_SCL_1_ID,FORCE_DIR_1_ID,VEH_DMAG_AREA_2_ID,VEH_DMAG_SCL_2_ID,FORCE_DIR_2_ID,VEH_INVENTORIED_FL,VEH_TRANSP_NAME,VEH_TRANSP_DEST,CONTRIB_FACTR_1_ID,CONTRIB_FACTR_2_ID,CONTRIB_FACTR_P1_ID,VEH_TRVL_DIR_ID,FIRST_HARM_EVT_INV_ID,INCAP_INJRY_CNT,NONINCAP_INJRY_CNT,POSS_INJRY_CNT,NON_INJRY_CNT,UNKN_INJRY_CNT,TOT_INJRY_CNT,DEATH_CNT
15384891,1,MOTOR VEHICLE,N,N,TX,1HD1GN4149K327355,NA,RED,HARLEY-DAVIDSON,UNKNOWN,MOTORCYCLE,N,76163,1,PROOF OF LIABILITY INSURANCE,"MOTORCYCLE, SCOOTER, MOPED, ETC. ONLY",DAMAGED 1 MINIMUM,3,"MOTORCYCLE, SCOOTER, MOPED, ETC. ONLY",DAMAGED 1 MINIMUM,3,Y,DAVE'S HI-WAY WRECKER,3010 HARDROCK,NONE,NA,NA,NORTHEAST,Y,0,1,0,0,0,1,0
15389820,2,MOTOR VEHICLE,N,N,TX,1HD1GDV483K340801,2003,BLK,HARLEY-DAVIDSON,UNKNOWN,MOTORCYCLE,N,78228,1,PROOF OF LIABILITY INSURANCE,FRONT END DAMAGE CONCENTRATED IMPACT,DAMAGED 3,3,NA,NA,NA,N,CONTRACT,422 STEVES,FAULTY EVASIVE ACTION,NA,NA,WEST,Y,0,1,0,0,0,1,0
15431483,1,MOTOR VEHICLE,N,N,TX,M10124A349G052505,2005,BRO,HOMEMADE VEHICLE,UNKNOWN,MOTORCYCLE,N,75645,1,PROOF OF LIABILITY INSURANCE,DISTRIBUTED LEFT SIDE DAMAGE PARALLEL IMPACT,DAMAGED 1 MINIMUM,9,NA,NA,NA,N,DRIVEN FROM SCENE,,UNSAFE SPEED,NA,NA,NORTHWEST,Y,0,1,0,0,0,1,0
15471307,1,MOTOR VEHICLE,N,N,TX,JYARJ06E94A013073,2004,BLK,YAMAHA,NA,MOTORCYCLE,N,75160,2,NA,FRONT END DAMAGE DISTRIBUTED IMPACT,DAMAGED 4,12,DISTRIBUTED LEFT SIDE DAMAGE PARALLEL IMPACT,DAMAGED 3,9,Y,CONTRACT WRECKER,"1955 VILBIG RD, DALLAS, TEXAS",FAILED TO CONTROL SPEED,NA,NA,WEST,Y,0,0,1,0,0,1,0
15334385,2,MOTOR VEHICLE,N,N,TX,JS1VT53A852101601,2005,BLK,SUZUKI,NA,MOTORCYCLE,N,78504,1,PROOF OF LIABILITY INSURANCE,"MOTORCYCLE, SCOOTER, MOPED, ETC. ONLY",DAMAGED 1 MINIMUM,12,NA,NA,NA,N,DRIVEN OFF BY DRIVER,DRIVEN OFF BY DRIVER,NONE,NA,NA,WEST,Y,0,0,1,0,0,1,0
15529740,2,MOTOR VEHICLE,N,N,TX,JS1GN7DA972121727,2007,RED,SUZUKI,NA,MOTORCYCLE,N,78572,1,PROOF OF LIABILITY INSURANCE,BACK END DAMAGE DISTRIBUTED IMPACT,DAMAGED 1 MINIMUM,6,NA,NA,NA,N,,,NONE,NA,NA,WEST,Y,0,0,0,1,0,0,0
15379509,3,MOTOR VEHICLE,N,N,TX,1HFSC46082A011510,2002,BLK,HONDA,NA,MOTORCYCLE,N,77662,1,LIABILITY INSURANCE POLICY,"MOTORCYCLE, SCOOTER, MOPED, ETC. ONLY",DAMAGED 1 MINIMUM,NA,NA,NA,NA,N,HERRERAHS TOWING,440 EAST FRWY VIDOR TX 77662,NONE,NA,NA,NORTH,Y,1,0,0,0,0,1,0
15499290,1,MOTOR VEHICLE,N,N,AK,JS1VY51A842101407,2004,BLU,SUZUKI,NA,MOTORCYCLE,N,79108,3,LIABILITY INSURANCE POLICY,RIGHT SIDE DAMAGE ANGULAR IMPACT,DAMAGED 3,1,FRONT END DAMAGE DISTRIBUTED IMPACT,DAMAGED 2,12,N,AVILES & GABES WRECKER SERVICE INC.,AVILES & GABES WRECKER SERVICE INC.,HAD BEEN DRINKING,NA,NA,NORTH,Y,0,1,0,0,0,1,0
15413129,1,MOTOR VEHICLE,N,N,TX,JYARN23Y89A001129,NA,WHI,YAMAHA,UNKNOWN,MOTORCYCLE,N,77493,1,PROOF OF LIABILITY INSURANCE,FRONT END DAMAGE DISTRIBUTED IMPACT,DAMAGED 1 MINIMUM,12,DISTRIBUTED LEFT SIDE DAMAGE PARALLEL IMPACT,DAMAGED 2,11,Y,TWIN CITIES,"1920 ROCKY FALLS RD RICHMOND, TX 77469",UNSAFE SPEED,FLEEING OR EVADING POLICE,NA,NORTHEAST,Y,0,1,0,0,0,1,0
15489485,2,MOTOR VEHICLE,N,N,PA,1HD4CEM10NY117822,1992,BLK,HARLEY-DAVIDSON,NA,MOTORCYCLE,N,15717,2,NA,BACK END DAMAGE CONCENTRATED IMPACT,DAMAGED 3,6,NA,NA,NA,N,,,NONE,NA,NA,SOUTH,Y,0,0,0,1,0,0,0
15313370,2,MOTOR VEHICLE,N,N,TX,JKBZGND16AA000038,NA,BLU,KAWASAKI,UNKNOWN,MOTORCYCLE,N,78575,1,LIABILITY INSURANCE POLICY,FRONT END DAMAGE DISTRIBUTED IMPACT,DAMAGED 1 MINIMUM,12,DISTRIBUTED RIGHT SIDE DAMAGE PARALLEL IMPACT,DAMAGED 1 MINIMUM,3,N,,,NONE,NA,NA,SOUTH,Y,0,0,0,1,0,0,0
15431747,6,MOTOR VEHICLE,Y,N,TX,1HFSC47032A109133,2002,BLK,HONDA,NA,MOTORCYCLE,N,79605,1,PROOF OF LIABILITY INSURANCE,FRONT END DAMAGE DISTRIBUTED IMPACT,DAMAGED 1 MINIMUM,12,NA,NA,NA,N,,,NONE,NA,NA,UNKNOWN,N,0,0,0,0,0,0,0
15309478,1,MOTOR VEHICLE,N,N,TX,JH2SC570X4M000208,2004,SIL,HONDA,NA,MOTORCYCLE,N,77803,1,LIABILITY INSURANCE POLICY,FRONT END DAMAGE DISTRIBUTED IMPACT,DAMAGED 4,12,NA,NA,NA,Y,SOUTHSIDE WRECKER INC,SOUTHSIDE WRECKER INC,FAILED TO CONTROL SPEED,HAD BEEN DRINKING,NA,SOUTH,Y,0,0,1,0,0,1,0
15438632,2,MOTOR VEHICLE,N,N,TX,1HD1FMW134Y627677,2004,BLK,HARLEY-DAVIDSON,NA,MOTORCYCLE,N,75078,1,PROOF OF LIABILITY INSURANCE,DISTRIBUTED LEFT SIDE DAMAGE PARALLEL IMPACT,DAMAGED 2,9,NA,NA,NA,N,DRIVER,DRIVEN AWAY BY DRIVER,NONE,NA,NA,WEST,Y,0,0,0,1,0,0,0
15317167,2,MOTOR VEHICLE,N,N,TX,1HD1JDV13GB019004,NA,BLK,HARLEY-DAVIDSON,NA,MOTORCYCLE,N,79928,1,PROOF OF LIABILITY INSURANCE,DISTRIBUTED LEFT SIDE DAMAGE PARALLEL IMPACT,DAMAGED 1 MINIMUM,10,NA,NA,NA,N,DRIVER,TRAFFIC,NONE,NA,NA,NORTH,Y,0,0,1,0,0,1,0
15436960,2,MOTOR VEHICLE,N,N,AR,1HFSC1415FA123343,1985,BRZ,HONDA,NA,MOTORCYCLE,N,76365,2,NA,"MOTORCYCLE, SCOOTER, MOPED, ETC. ONLY",DAMAGED 1 MINIMUM,NA,NA,NA,NA,Y,JWE,3101 ARMORY RD,NONE,NA,NA,WEST,Y,0,1,0,0,0,1,1
15306789,2,MOTOR VEHICLE,N,N,TX,1HD1GV4199K319879,NA,BLK,HARLEY-DAVIDSON,NA,MOTORCYCLE,N,79605,1,LIABILITY INSURANCE POLICY,"MOTORCYCLE, SCOOTER, MOPED, ETC. ONLY",DAMAGED 1 MINIMUM,6,NA,NA,NA,N,NOT TOWED,NOT TOWED,NONE,NA,NA,NORTH,Y,0,0,1,0,0,1,0
15350401,1,MOTOR VEHICLE,N,N,TX,1HD1CT325BC419326,NA,BLK,HARLEY-DAVIDSON,NA,MOTORCYCLE,N,78207,1,LIABILITY INSURANCE POLICY,"MOTORCYCLE, SCOOTER, MOPED, ETC. ONLY",DAMAGED 1 MINIMUM,12,"MOTORCYCLE, SCOOTER, MOPED, ETC. ONLY",DAMAGED 1 MINIMUM,9,N,MISSION TOWING,GROWDON,HAD BEEN DRINKING,NA,NA,SOUTH,Y,0,1,0,0,0,1,0
15522938,2,MOTOR VEHICLE,N,N,TX,1HD1FB436AB629768,NA,BLK,HARLEY-DAVIDSON,NA,MOTORCYCLE,N,90638,1,PROOF OF LIABILITY INSURANCE,BACK END DAMAGE CONCENTRATED IMPACT,DAMAGED 3,6,NA,NA,NA,N,J AND H WRECKER,"2423 SPACEK RD, RICHMOND,  281-232-7007",NONE,NA,NA,NORTHEAST,Y,0,1,0,0,0,1,0
15487934,1,MOTOR VEHICLE,N,N,TX,JH2SC57087M304643,2007,BLK,HONDA,NA,MOTORCYCLE,N,76621,1,PROOF OF LIABILITY INSURANCE,FRONT END DAMAGE DISTRIBUTED IMPACT,DAMAGED 6,12,NA,NA,NA,N,CATHEY TOWING,2806 LAWING LN #C,SPEEDING - (OVERLIMIT),CHANGED LANE WHEN UNSAFE,OTHER (EXPLAIN IN NARRATIVE),WEST,Y,1,0,0,0,0,1,0
15617311,1,MOTOR VEHICLE,N,N,HI,1HD1FDV1X3Y728005,2003,BLK,HARLEY-DAVIDSON,UNKNOWN,MOTORCYCLE,N,77061,1,PROOF OF LIABILITY INSURANCE,BACK END (RIGHT) DAMAGE PARTIAL CONTACT,DAMAGED 2,5,NA,NA,NA,N,,,DISREGARD STOP AND GO SIGNAL,HAD BEEN DRINKING,NA,SOUTH,Y,0,0,1,0,0,1,0
15511884,2,MOTOR VEHICLE,N,N,TX,JS1VY53A8C2100785,NA,BLU,SUZUKI,NA,MOTORCYCLE,N,77479,1,PROOF OF LIABILITY INSURANCE,FRONT END DAMAGE DISTRIBUTED IMPACT,DAMAGED 4,12,NA,NA,NA,N,ROY'S TOWING,1312 COTTONWOOD CHURCH,NONE,NA,NA,EAST,Y,0,1,0,0,0,1,0
15344487,1,MOTOR VEHICLE,N,N,TX,1HD1BJY132Y028962,2002,BLK,HARLEY-DAVIDSON,NA,MOTORCYCLE,N,76656,1,PROOF OF LIABILITY INSURANCE,FRONT END DAMAGE CONCENTRATED IMPACT,DAMAGED 3,12,BACK END DAMAGE CONCENTRATED IMPACT,DAMAGED 3,6,Y,JOSE FRANCO 915-497-1331,"107 BENITO MARTINEZ, FT HANCOCK TX 79839",FAILED TO CONTROL SPEED,FAULTY EVASIVE ACTION,NA,WEST,Y,0,1,0,0,0,1,0
15315969,1,MOTOR VEHICLE,N,N,TX,RKRSE48YXBA060417,NA,BLK,YAMAHA,NA,MOTORCYCLE,N,79106,1,PROOF OF LIABILITY INSURANCE,FRONT END (RIGHT)  DAMAGE PARTIAL CONTACT,DAMAGED 2,12,RIGHT SIDE DAMAGE ANGULAR IMPACT,DAMAGED 2,3,Y,AMARILLO WRECKER,"1105 N. MIRROR, AMA, TX 79107 374-3806",FAILED TO CONTROL SPEED,NA,NA,EAST,Y,0,0,1,0,0,1,0
15426320,2,MOTOR VEHICLE,N,N,TX,1HD1HHH11EC808791,NA,TAN,HARLEY-DAVIDSON,UNKNOWN,MOTORCYCLE,N,77062,1,PROOF OF LIABILITY INSURANCE,"MOTORCYCLE, SCOOTER, MOPED, ETC. ONLY",DAMAGED 1 MINIMUM,3,NA,NA,NA,N,DEWITT WRECKER,"1423 2ND ST LEAGUE CITY, TX 77573",NONE,NA,NA,EAST,Y,1,0,0,0,0,1,0
15425337,2,MOTOR VEHICLE,N,N,TX,HD1MCC13HB852534,NA,ONG,HARLEY-DAVIDSON,UNKNOWN,MOTORCYCLE,N,75686,1,PROOF OF LIABILITY INSURANCE,BACK END DAMAGE CONCENTRATED IMPACT,DAMAGED 3,6,NA,NA,NA,,JAKE'S TOWING,JAKE'S TOWING,NONE,NA,NA,SOUTH,Y,0,1,0,0,0,1,0
15454255,1,MOTOR VEHICLE,N,N,TX,LKDTCLTG3F1C10094,NA,BLK,UNKNOWN,UNKNOWN,MOTORCYCLE,N,77493,1,PROOF OF LIABILITY INSURANCE,FRONT END (LEFT) DAMAGE PARTIAL CONTACT,DAMAGED 5,12,FRONT END DAMAGE DISTRIBUTED IMPACT,DAMAGED 1 MINIMUM,12,N,OWNER,DRIVEN FROM SCENE,FAILED TO CONTROL SPEED,NA,NA,NORTH,Y,0,1,0,0,0,1,0
15463237,1,MOTOR VEHICLE,N,N,TX,1HD1DJL14PY503883,1993,BLK,HARLEY-DAVIDSON,NA,MOTORCYCLE,N,77575,1,PROOF OF LIABILITY INSURANCE,FRONT END (LEFT) DAMAGE PARTIAL CONTACT,DAMAGED 4,11,UNDERCARRIAGE DAMAGE ONLY,NO DAMAGE,11,N,OWNER,RESIDENCE,FAILED TO CONTROL SPEED,DRIVER INATTENTION,NA,NORTH,Y,0,1,0,0,0,1,0
15347036,2,MOTOR VEHICLE,N,N,TX,1HD1FCW134Y620996,2004,WHI,HARLEY-DAVIDSON,NA,MOTORCYCLE,N,75143,1,PROOF OF LIABILITY INSURANCE,"MOTORCYCLE, SCOOTER, MOPED, ETC. ONLY",DAMAGED 1 MINIMUM,6,NA,NA,NA,N,SUNSHINE WRECKER,355 S. GUN BARREL LN,NONE,NA,NA,WEST,Y,1,0,0,0,0,1,0
15353642,1,MOTOR VEHICLE,N,N,TX,JKALXSA156DA32100,2006,MUL,KAWASAKI,UNKNOWN,MOTORCYCLE,N,75762,2,NA,LEFT SIDE DAMAGE ANGULAR IMPACT,DAMAGED 2,2,NA,NA,NA,N,RELEASED AT SCENE,RELEASED AT SCENE,FAILED TO CONTROL SPEED,WRONG SIDE - APPROACH OR INTERSECTION,DRIVER INATTENTION,EAST,Y,0,1,0,0,0,1,0
15443852,1,MOTOR VEHICLE,N,N,TX,1HD1BW5137Y075336,2007,MAR,HARLEY-DAVIDSON,UNKNOWN,MOTORCYCLE,N,78155,1,PROOF OF LIABILITY INSURANCE,"MOTORCYCLE, SCOOTER, MOPED, ETC. ONLY",DAMAGED 1 MINIMUM,12,NA,NA,NA,N,BARRY'S TOWING,"155 GEMBLER RD. MARRION, TX 78124",FAILED TO CONTROL SPEED,NA,NA,SOUTH,Y,1,0,0,0,0,1,0
15496183,2,MOTOR VEHICLE,N,N,TX,JH2PC40088M102302,NA,SIL,HONDA,NA,MOTORCYCLE,N,78840,2,NA,"MOTORCYCLE, SCOOTER, MOPED, ETC. ONLY",DAMAGED 1 MINIMUM,12,NA,NA,NA,Y,RIO TRAILER SHOP (830) 775-5533,"807 VETERANS BLVD; DEL RIO, TX 78840",FAULTY EVASIVE ACTION,NA,NA,NORTHWEST,Y,1,0,0,0,0,1,0
15359650,1,MOTOR VEHICLE,N,N,TX,JKBVNAE143A112030,2003,BLK,KAWASAKI,UNKNOWN,MOTORCYCLE,N,74143,1,LIABILITY INSURANCE POLICY,LEFT SIDE AND TOP DAMAGE ROLLOVER EFFECTS,DAMAGED 2,10,NA,NA,NA,Y,HAVERY'S TOWING,"101 TX-274, KEMP, TX75143",UNSAFE SPEED,NA,NA,NORTH,Y,1,0,0,0,0,1,0
15317011,1,MOTOR VEHICLE,N,N,TX,JKAVN2D167A010245,2007,SIL,KAWASAKI,NA,MOTORCYCLE,N,75968,1,LIABILITY INSURANCE POLICY,"MOTORCYCLE, SCOOTER, MOPED, ETC. ONLY",DAMAGED 1 MINIMUM,11,NA,NA,NA,N,TATES WRECKER 409-584-2131,"746 US 96 PINELAND,TX. 75968",UNSAFE SPEED,UNDER INFLUENCE - ALCOHOL,NA,WEST,Y,1,0,0,0,0,1,0
15597352,1,MOTOR VEHICLE,N,N,TX,JH2PC2501WM702010,1998,RED,HONDA,UNKNOWN,MOTORCYCLE,N,78210,2,NA,FRONT END (LEFT) DAMAGE PARTIAL CONTACT,DAMAGED 2,12,LEFT BACK QUARTER DAMAGE ANGULAR IMPACT,DAMAGED 3,11,Y,BUDGET TOWING,"516 COMMERCE, PLEASANTON, 18064",FAILED TO PASS TO RIGHT SAFELY,DRIVER INATTENTION,NA,WEST,Y,0,0,1,0,0,1,0
15344553,2,MOTOR VEHICLE,N,N,TX,1HD1BX5139Y062059,NA,BLU,HARLEY-DAVIDSON,NA,MOTORCYCLE,N,78133,1,LIABILITY INSURANCE POLICY,"MOTORCYCLE, SCOOTER, MOPED, ETC. ONLY",DAMAGED 1 MINIMUM,NA,NA,NA,NA,N,DRIVEN OFF,,NONE,NA,NA,SOUTHEAST,Y,0,1,0,0,0,1,0
15427215,1,MOTOR VEHICLE,N,N,TX,1HD1HHH15HC801105,NA,WHI,HARLEY-DAVIDSON,UNKNOWN,MOTORCYCLE,N,76051,1,PROOF OF LIABILITY INSURANCE,"MOTORCYCLE, SCOOTER, MOPED, ETC. ONLY",DAMAGED 1 MINIMUM,NA,NA,NA,NA,N,EDD'S TOWING (817) 431-4569,"708 KATY RD. FT. WORTH, TX 76244",FAILED TO CONTROL SPEED,FAILED TO DRIVE IN SINGLE LANE,NA,SOUTH,Y,0,0,0,1,0,0,0
15415308,2,MOTOR VEHICLE,N,N,TN,JYARN10EX2A001465,2002,BLU,YAMAHA,NA,MOTORCYCLE,N,63052,2,NA,"MOTORCYCLE, SCOOTER, MOPED, ETC. ONLY",DAMAGED 1 MINIMUM,NA,NA,NA,NA,Y,LIGHTHING TOWING & RECOVERY,11360 EASTEX FRWY,NONE,NA,NA,WEST,Y,0,0,0,0,0,0,2
15415257,2,MOTOR VEHICLE,N,N,NM,JS1GU71L7C2103231,1982,BLK,SUZUKI,NA,MOTORCYCLE,N,79912,1,PROOF OF LIABILITY INSURANCE,FRONT END DAMAGE DISTRIBUTED IMPACT,DAMAGED 3,12,DISTRIBUTED RIGHT SIDE DAMAGE PARALLEL IMPACT,DAMAGED 2,3,,PRIVATE TOW,OWNERS REQUEST,NONE,NA,NA,WEST,Y,0,1,0,0,0,1,0
15423499,1,MOTOR VEHICLE,N,N,TX,JS1GN79A662101829,2006,BLU,SUZUKI,NA,MOTORCYCLE,N,79416,1,LIABILITY INSURANCE POLICY,"MOTORCYCLE, SCOOTER, MOPED, ETC. ONLY",DAMAGED 1 MINIMUM,12,"MOTORCYCLE, SCOOTER, MOPED, ETC. ONLY",DAMAGED 1 MINIMUM,3,N,LUBBOCK WRECKER,,FAILED TO CONTROL SPEED,CHANGED LANE WHEN UNSAFE,NA,EAST,Y,0,0,1,0,0,1,0
15462780,2,MOTOR VEHICLE,N,N,TX,JH2RC44612K620861,2002,PLE,HONDA,UNKNOWN,MOTORCYCLE,N,77419,1,PROOF OF LIABILITY INSURANCE,"MOTORCYCLE, SCOOTER, MOPED, ETC. ONLY",DAMAGED 1 MINIMUM,4,NA,NA,NA,N,COASTAL AUTOMOTIVE,"2006 COTTONWOOD, BAY CITY, TX 77414",NONE,NA,NA,SOUTHWEST,Y,2,0,0,0,0,2,0
15360571,2,MOTOR VEHICLE,N,N,TX,JYARJ16E8AA020775,NA,WHI,YAMAHA,NA,MOTORCYCLE,N,76234,1,PROOF OF LIABILITY INSURANCE,"MOTORCYCLE, SCOOTER, MOPED, ETC. ONLY",DAMAGED 1 MINIMUM,12,NA,NA,NA,N,PULLED AWAY BY OPERATOR,RESIDENCE,NONE,NA,NA,EAST,Y,0,0,1,0,0,1,0
15378703,2,MOTOR VEHICLE,N,N,SD,JH2RC44096K011163,2006,BLK,HONDA,NA,MOTORCYCLE,N,77480,2,NA,LEFT FRONT QUARTER DAMAGE ANGULAR IMPACT,DAMAGED 2,10,RIGHT FRONT QUARTER DAMAGE ANGULAR IMPACT,DAMAGED 2,2,N,,,FAULTY EVASIVE ACTION,NA,FAILED TO CONTROL SPEED,EAST,Y,0,1,0,0,0,1,0
15384911,1,MOTOR VEHICLE,N,N,TX,1HFSC220XPA504624,1993,BLK,HONDA,UNKNOWN,MOTORCYCLE,N,78239,1,PROOF OF LIABILITY INSURANCE,LEFT SIDE DAMAGE ANGULAR IMPACT,DAMAGED 1 MINIMUM,9,RIGHT SIDE DAMAGE ANGULAR IMPACT,DAMAGED 1 MINIMUM,3,N,OWNER,OWNER,DRIVER INATTENTION,OTHER (EXPLAIN IN NARRATIVE),NA,NORTH,Y,0,0,1,0,0,1,0
15397658,2,MOTOR VEHICLE,N,N,TX,JS1VY52A152104536,2005,BLU,SUZUKI,UNKNOWN,MOTORCYCLE,N,78108,2,NA,BACK END DAMAGE CONCENTRATED IMPACT,DAMAGED 1 MINIMUM,6,NA,NA,NA,N,TEXAS TOWING,GROWDON IMPOUND,NONE,NA,NA,NORTHWEST,Y,0,0,0,1,0,0,0
15329261,2,MOTOR VEHICLE,N,N,TX,1HD1FBW161Y660446,2001,BLK,HARLEY-DAVIDSON,UNKNOWN,MOTORCYCLE,N,76179,2,NA,LEFT SIDE DAMAGE ANGULAR IMPACT,DAMAGED 3,9,RIGHT SIDE DAMAGE ANGULAR IMPACT,DAMAGED 3,9,N,TEXAS TOWING,205 COMMERCIAL,NONE,NA,NA,SOUTHEAST,Y,1,0,0,0,0,1,0
15443021,2,MOTOR VEHICLE,N,N,TX,JS1VS55A6C2100539,NA,BLK,SUZUKI,NA,MOTORCYCLE,N,78212,1,LIABILITY INSURANCE POLICY,BACK END DAMAGE DISTRIBUTED IMPACT,DAMAGED 3,7,DISTRIBUTED RIGHT SIDE DAMAGE PARALLEL IMPACT,DAMAGED 3,3,Y,CONTRACT,GROWDON POUND,NONE,NA,NA,EAST,Y,0,1,0,0,0,1,0
15356779,2,MOTOR VEHICLE,N,N,TX,JKAZX4R19AA019075,NA,BLK,KAWASAKI,NA,MOTORCYCLE,N,77044,1,LIABILITY INSURANCE POLICY,FRONT END (RIGHT)  DAMAGE PARTIAL CONTACT,DAMAGED 1 MINIMUM,2,FRONT END DAMAGE CONCENTRATED IMPACT,DAMAGED 6,12,Y,FAT BOY'S TOWING,11360 EASTEX FRWY,NONE,NA,NA,EAST,Y,0,1,0,0,0,1,0
15457046,2,MOTOR VEHICLE,N,N,TX,1HD1GP412BC319329,NA,BLK,HARLEY-DAVIDSON,NA,MOTORCYCLE,N,77836,1,PROOF OF LIABILITY INSURANCE,"MOTORCYCLE, SCOOTER, MOPED, ETC. ONLY",DAMAGED 1 MINIMUM,NA,NA,NA,NA,Y,D&S TOWING,"4894 FM 50, CALDWELL, TX 77836",NONE,NA,NA,NORTH,Y,0,0,0,0,0,0,1
15514416,1,MOTOR VEHICLE,N,N,TX,1HD1JA5127Y039935,2007,BLK,HARLEY-DAVIDSON,NA,MOTORCYCLE,N,75570,1,PROOF OF LIABILITY INSURANCE,DISTRIBUTED RIGHT SIDE DAMAGE PARALLEL IMPACT,DAMAGED 4,1,NA,NA,NA,Y,DUES WRECKER 936-632-6363,"2320 E. LUFKIN AVE. LUFKIN, TX 75901",UNDER INFLUENCE - ALCOHOL,NA,OTHER (EXPLAIN IN NARRATIVE),NORTHEAST,Y,0,1,0,0,0,1,0
15443591,1,MOTOR VEHICLE,N,N,TX,JYAVM01E65A082141,2005,TAN,YAMAHA,UNKNOWN,MOTORCYCLE,N,77859,2,NA,"MOTORCYCLE, SCOOTER, MOPED, ETC. ONLY",DAMAGED 1 MINIMUM,10,NA,NA,NA,N,PENICKS,502 W. BROWN ST.,FAILED TO CONTROL SPEED,HAD BEEN DRINKING,NA,NORTH,Y,1,0,0,0,0,1,0
15370987,1,MOTOR VEHICLE,N,N,TX,1HFSC224XMA300095,1991,BLU,HONDA,NA,MOTORCYCLE,N,75428,1,PROOF OF LIABILITY INSURANCE,"MOTORCYCLE, SCOOTER, MOPED, ETC. ONLY",DAMAGED 1 MINIMUM,NA,NA,NA,NA,Y,MORGANS WRECKER SERVICE,"2243 US 69 S - GREENVILLE, TX 75402",UNDER INFLUENCE - ALCOHOL,FAILED TO DRIVE IN SINGLE LANE,NA,SOUTH,Y,1,0,0,0,0,1,0
15355422,2,MOTOR VEHICLE,N,N,AZ,1HD1GY4498K311873,NA,BLK,HARLEY-DAVIDSON,NA,MOTORCYCLE,N,85710,1,PROOF OF LIABILITY INSURANCE,"MOTORCYCLE, SCOOTER, MOPED, ETC. ONLY",DAMAGED 1 MINIMUM,NA,NA,NA,NA,N,ATLY BLUM,RELEASED BACK TO TRAFFIC,NONE,NA,NA,NORTH,Y,0,0,0,1,0,0,0
15443852,2,MOTOR VEHICLE,N,N,TX,1HD1KBM1XCB666237,NA,BLK,HARLEY-DAVIDSON,UNKNOWN,MOTORCYCLE,N,78155,1,LIABILITY INSURANCE POLICY,"MOTORCYCLE, SCOOTER, MOPED, ETC. ONLY",DAMAGED 1 MINIMUM,6,NA,NA,NA,N,SHANAFELT'S WRECKER SERVICE,"955 W KINGSBURY, SEGUIN, TX 78155",NONE,NA,NA,SOUTH,Y,0,0,0,1,0,0,0
15376983,2,MOTOR VEHICLE,N,N,LA,JKAKLEE1X9DA18393,NA,RED,KAWASAKI,NA,MOTORCYCLE,N,70403,1,LIABILITY INSURANCE POLICY,"MOTORCYCLE, SCOOTER, MOPED, ETC. ONLY",DAMAGED 1 MINIMUM,3,NA,NA,NA,N,,,CHANGED LANE WHEN UNSAFE,DRIVER INATTENTION,FAILED TO DRIVE IN SINGLE LANE,SOUTH,Y,0,0,0,1,0,0,0
15412770,1,MOTOR VEHICLE,N,N,TX,1HD1BML18VY031899,1997,BLU,HARLEY-DAVIDSON,NA,MOTORCYCLE,N,76706,1,PROOF OF LIABILITY INSURANCE,"MOTORCYCLE, SCOOTER, MOPED, ETC. ONLY",DAMAGED 1 MINIMUM,9,NA,NA,NA,Y,HOGG WRECKER SERVICE 254-715-6384,HOGG WRECKER SERVICE RIESEL TX,UNDER INFLUENCE - ALCOHOL,FAILED TO CONTROL SPEED,NA,SOUTH,Y,0,1,0,0,0,1,0
15434688,1,MOTOR VEHICLE,N,N,TX,JYARJ16E89A014115,NA,BLK,YAMAHA,UNKNOWN,MOTORCYCLE,N,78040,1,PROOF OF LIABILITY INSURANCE,FRONT END DAMAGE DISTRIBUTED IMPACT,DAMAGED 1 MINIMUM,12,LEFT SIDE DAMAGE ANGULAR IMPACT,DAMAGED 1 MINIMUM,9,N,DRIVER,TOWED AWAY BY OWNER,FAULTY EVASIVE ACTION,NA,NA,EAST,Y,0,0,1,0,0,1,0
15334831,2,MOTOR VEHICLE,N,N,TX,1HD1JFB146Y016494,2006,BLK,HARLEY-DAVIDSON,NA,MOTORCYCLE,N,79413,1,PROOF OF LIABILITY INSURANCE,"MOTORCYCLE, SCOOTER, MOPED, ETC. ONLY",DAMAGED 1 MINIMUM,NA,NA,NA,NA,N,LUBBOCK WRECKER,LUBBOCK POLICE PROCESSING FACILITY,NONE,NA,NA,EAST,Y,0,0,0,0,0,0,1